Season,GROUP_NAME,TEAM_ABBREVIATION,GP,W,L,W_PCT,MIN,FGM,FGA,FG_PCT,FG3M,FG3A,FG3_PCT,FTM,FTA,FT_PCT,OREB,DREB,REB,AST,TOV,STL,BLK,BLKA,PF,PFD,PTS,PLUS_MINUS,GP_RANK,W_RANK,L_RANK,W_PCT_RANK,MIN_RANK,FGM_RANK,FGA_RANK,FG_PCT_RANK,FG3M_RANK,FG3A_RANK,FG3_PCT_RANK,FTM_RANK,FTA_RANK,FT_PCT_RANK,OREB_RANK,DREB_RANK,REB_RANK,AST_RANK,TOV_RANK,STL_RANK,BLK_RANK,BLKA_RANK,PF_RANK,PFD_RANK,PTS_RANK,PLUS_MINUS_RANK,SUM_TIME_PLAYED,Category,POSS,OFF_RATING,DEF_RATING,NET_RATING,PACE,PTS_per100,AST_per100,REB_per100,STL_per100,BLK_per100,TOV_per100,OREB_per100,DREB_per100,FGM_per100,FGA_per100,FG3M_per100,FG3A_per100,EFG_PCT,TM_TOV_PCT,OREB_PCT,FTA_RATE,PTS_OFF_TOV,PTS_2ND_CHANCE,PTS_FB,PTS_PAINT,PCT_FGA_2PT,PCT_FGA_3PT,PCT_PTS_2PT,PCT_PTS_3PT,PCT_PTS_FT,PCT_AST_FGM,Lineup_BPM_OOF,Lineup_BPM_Final,Lineup_BPM_Final_Demeaned,Lineup_BPM_OOF_Demeaned
2024-25,K. Towns - O. Anunoby - J. Hart - M. Bridges - J. Brunson,NYK,18,10,8,0.556,334.615,269,599,0.449,68,213,0.319,134,164,0.817,69,207,276,145,90.0,50,36,50,139,148,740,-31.0,3,7,1208,483,1,2,1,539,3,2,477,1,1,350,1,3,1,3,1210,2,2,1210,1210,1,2,1209,1003845,Traditional,681,108.7,114.9,-6.2,96.97,108.66372980910425,21.292217327459618,40.52863436123348,7.342143906020558,5.286343612334802,13.215859030837004,10.13215859030837,30.396475770925107,39.500734214390604,87.95888399412628,9.985315712187958,31.277533039647576,0.506,0.132,0.279,0.274,94.0,103.0,87.0,334.0,0.644,0.356,0.543,0.276,0.181,0.539,2.6092062190200473,-5.534573779022165,-9.688297002193057,-2.544993673380412
2024-25,M. Turner - P. Siakam - A. Nembhard - T. Haliburton - A. Nesmith,IND,23,15,8,0.652,332.775,293,593,0.494,103,245,0.42,129,159,0.811,50,223,273,208,77.0,54,48,37,136,142,818,89.0,1,1,1208,448,2,1,2,484,1,1,315,2,2,353,3,1,2,1,1209,1,1,1208,1209,2,1,1,998325,Traditional,680,120.3,106.9,13.4,98.23,120.29411764705881,30.58823529411765,40.14705882352941,7.941176470588235,7.0588235294117645,11.323529411764707,7.352941176470589,32.794117647058826,43.08823529411765,87.20588235294117,15.147058823529411,36.029411764705884,0.581,0.113,0.232,0.268,122.0,70.0,118.0,274.0,0.587,0.413,0.465,0.378,0.158,0.71,8.650901270786033,12.136415887828615,7.982692664657724,3.4967013783855734
2024-25,A. Gordon - N. Jokić - J. Murray - M. Porter Jr. - C. Braun,DEN,14,7,7,0.5,282.175,252,512,0.492,77,205,0.376,97,123,0.789,63,209,272,149,74.0,43,21,42,96,120,678,74.0,9,16,1205,489,3,3,3,486,2,3,357,3,3,373,2,2,3,2,1208,3,4,1209,1208,3,3,2,846525,Traditional,568,119.4,108.1,11.3,95.86,119.36619718309859,26.23239436619718,47.88732394366197,7.570422535211267,3.697183098591549,13.028169014084506,11.091549295774648,36.79577464788733,44.36619718309859,90.14084507042254,13.556338028169016,36.09154929577465,0.567,0.13,0.319,0.24,71.0,95.0,82.0,292.0,0.6,0.4,0.516,0.341,0.143,0.591,6.988704769308445,14.975097923841599,10.821374700670706,1.8345048769079852
2024-25,I. Hartenstein - S. Gilgeous-Alexander - L. Dort - C. Holmgren - J. Williams,OKC,20,15,5,0.75,197.775,182,386,0.472,30,120,0.25,59,68,0.868,50,146,196,100,39.0,25,36,22,74,73,453,9.0,2,1,1191,378,4,4,4,505,5,5,503,5,6,319,3,4,4,4,1206,5,2,1207,1207,4,4,62,593325,Traditional,404,112.1,107.2,4.9,99.26,112.12871287128714,24.752475247524753,48.51485148514851,6.188118811881188,8.91089108910891,9.653465346534654,12.376237623762377,36.13861386138614,45.04950495049505,95.54455445544554,7.425742574257425,29.7029702970297,0.51,0.097,0.28,0.176,57.0,58.0,43.0,256.0,0.689,0.311,0.671,0.199,0.13,0.549,3.5866882214809026,4.560745423521219,0.407022200350327,-1.567511670919557
2024-25,M. Conley - R. Gobert - J. Randle - A. Edwards - J. McDaniels,MIN,15,9,6,0.6,185.93,153,336,0.455,56,149,0.376,57,73,0.781,50,137,187,87,51.0,24,15,11,58,69,419,66.0,8,8,1201,463,5,5,5,526,4,4,356,6,5,380,3,5,5,5,1207,6,5,1200,1206,5,5,3,557790,Traditional,359,116.7,99.7,17.0,92.03,116.71309192200556,24.233983286908078,52.089136490250695,6.685236768802229,4.178272980501393,14.206128133704734,13.92757660167131,38.16155988857939,42.618384401114206,93.59331476323119,15.598885793871867,41.5041782729805,0.539,0.142,0.358,0.217,61.0,66.0,55.0,178.0,0.557,0.443,0.463,0.401,0.136,0.569,6.492588928522999,14.278117583411941,10.124394360241048,1.33838903612254
2024-25,J. Harden - K. Leonard - N. Powell - K. Dunn - I. Zubac,LAC,6,3,3,0.5,110.251667,91,185,0.492,23,65,0.354,25,34,0.735,24,62,86,56,25.0,17,12,8,41,33,230,-18.0,54,79,1099,489,6,7,6,487,11,8,379,14,13,428,8,10,10,6,1202,8,8,1196,1203,12,9,1198,330755,Traditional,207,111.1,122.2,-11.1,89.25,111.11111111111111,27.053140096618357,41.54589371980676,8.212560386473431,5.797101449275362,12.077294685990339,11.594202898550725,29.951690821256037,43.96135265700483,89.3719806763285,11.11111111111111,31.40096618357488,0.554,0.121,0.267,0.184,27.0,27.0,40.0,118.0,0.649,0.351,0.591,0.3,0.109,0.615,4.719355790369272,-2.048445617963206,-6.202168841134098,-0.43484410203118706
2024-25,F. VanVleet - D. Brooks - J. Green - A. Sengun - A. Thompson,HOU,7,3,4,0.429,105.05,93,185,0.503,24,61,0.393,36,46,0.783,22,81,103,54,23.0,10,11,11,41,39,246,20.0,44,79,1156,641,7,6,6,327,9,11,352,9,9,379,10,6,7,7,1197,12,10,1200,1203,8,6,12,315150,Traditional,204,120.6,110.2,10.3,93.44,120.58823529411764,26.47058823529412,50.49019607843137,4.901960784313726,5.392156862745098,11.27450980392157,10.784313725490197,39.705882352941174,45.588235294117645,90.68627450980392,11.76470588235294,29.901960784313726,0.568,0.113,0.305,0.249,36.0,32.0,31.0,124.0,0.67,0.33,0.561,0.293,0.146,0.581,6.8258343961718575,14.35118390494235,10.197460681771457,1.671634503771398
2024-25,R. Westbrook - A. Gordon - N. Jokić - J. Murray - C. Braun,DEN,13,6,7,0.462,101.395,85,179,0.475,28,73,0.384,48,64,0.75,25,79,104,46,25.0,13,9,20,39,50,246,11.0,13,26,1205,637,8,8,8,499,6,6,354,7,7,388,7,7,6,9,1202,10,14,1206,1202,7,6,44,304185,Traditional,216,113.9,112.4,1.4,100.6,113.88888888888889,21.296296296296298,48.148148148148145,6.018518518518518,4.166666666666666,11.574074074074074,11.574074074074074,36.574074074074076,39.351851851851855,82.87037037037037,12.962962962962962,33.7962962962963,0.553,0.116,0.363,0.358,30.0,31.0,37.0,100.0,0.592,0.408,0.463,0.341,0.195,0.541,6.356948146430849,12.623784805147853,8.47006158197696,1.2027482540303893
2024-25,A. Caruso - S. Gilgeous-Alexander - L. Dort - C. Holmgren - J. Williams,OKC,18,14,4,0.778,100.291667,74,173,0.428,22,61,0.361,67,90,0.744,19,43,62,32,24.0,34,11,15,42,60,237,-2.0,3,3,1156,377,9,9,10,584,12,11,377,4,4,426,13,15,15,17,1201,4,10,1205,1205,6,8,762,300875,Traditional,224,105.8,113.3,-7.5,104.1,105.80357142857142,14.285714285714285,27.67857142857143,15.178571428571427,4.910714285714286,10.714285714285714,8.482142857142858,19.196428571428573,33.035714285714285,77.23214285714286,9.821428571428571,27.232142857142854,0.491,0.107,0.264,0.52,56.0,25.0,27.0,86.0,0.647,0.353,0.439,0.278,0.283,0.432,2.9289813919321808,-4.091763186108984,-8.245486409279875,-2.2252185004682787
2024-25,C. Joseph - K. Caldwell-Pope - W. Carter Jr. - F. Wagner - P. Banchero,ORL,5,1,4,0.2,96.65,71,179,0.397,16,63,0.254,28,40,0.7,23,67,90,40,23.0,19,7,13,37,34,186,-2.0,76,266,1156,719,10,10,8,644,19,10,502,12,11,440,9,9,9,11,1197,7,17,1203,1201,11,11,762,289950,Traditional,188,98.9,101.6,-2.7,92.62,98.93617021276596,21.27659574468085,47.87234042553192,10.106382978723403,3.723404255319149,12.23404255319149,12.23404255319149,35.638297872340424,37.765957446808514,95.2127659574468,8.51063829787234,33.51063829787234,0.441,0.122,0.295,0.223,34.0,32.0,34.0,78.0,0.648,0.352,0.591,0.258,0.151,0.563,0.9262347724374971,-0.35868430639597815,-4.51240752956687,-4.227965119962962
2024-25,L. James - D. Finney-Smith - L. Dončić - R. Hachimura - A. Reaves,LAL,5,1,4,0.2,86.318333,62,139,0.446,24,69,0.348,24,28,0.857,18,51,69,41,27.0,10,10,10,36,33,172,-19.0,76,266,1156,719,11,14,12,542,9,7,382,15,19,320,15,12,12,10,1204,12,12,1198,1200,12,14,1200,258955,Traditional,163,105.5,116.5,-10.9,90.92,105.52147239263803,25.153374233128833,42.331288343558285,6.134969325153374,6.134969325153374,16.56441717791411,11.042944785276074,31.28834355828221,38.036809815950924,85.2760736196319,14.723926380368098,42.331288343558285,0.532,0.166,0.278,0.201,16.0,32.0,12.0,62.0,0.504,0.496,0.442,0.419,0.14,0.661,4.338108118227211,-5.7099767065945395,-9.863699929765431,-0.8160917741732483
2024-25,T. Harris - T. Hardaway Jr. - C. Cunningham - J. Duren - A. Thompson,DET,6,2,4,0.333,83.33,68,153,0.444,11,44,0.25,38,48,0.792,27,72,99,35,28.0,7,14,13,35,38,185,24.0,54,130,1156,660,12,12,11,543,26,20,503,8,8,372,6,8,8,14,1205,29,6,1203,1199,9,12,6,249990,Traditional,166,111.4,95.8,15.6,96.2,111.44578313253012,21.084337349397593,59.63855421686747,4.216867469879518,8.433734939759036,16.867469879518072,16.265060240963855,43.373493975903614,40.963855421686745,92.16867469879519,6.626506024096386,26.506024096385545,0.48,0.169,0.409,0.314,14.0,40.0,28.0,100.0,0.712,0.288,0.616,0.178,0.205,0.515,1.7995435256745616,11.093118854866859,6.939395631695967,-3.354656366725898
2024-25,S. Gilgeous-Alexander - L. Dort - C. Holmgren - J. Williams - C. Wallace,OKC,13,11,2,0.846,72.163333,70,137,0.511,22,50,0.44,27,32,0.844,19,50,69,37,17.0,11,14,8,27,33,189,41.0,13,4,928,365,13,11,13,324,12,16,301,13,16,332,13,13,12,13,1190,11,6,1196,1193,12,10,4,216490,Traditional,152,124.3,95.5,28.9,102.1,124.3421052631579,24.342105263157894,45.39473684210527,7.236842105263158,9.210526315789473,11.18421052631579,12.5,32.89473684210527,46.05263157894737,90.13157894736842,14.473684210526317,32.89473684210527,0.591,0.112,0.368,0.234,30.0,19.0,12.0,78.0,0.635,0.365,0.508,0.349,0.143,0.529,8.36338139830019,15.706548848506646,11.552825625335753,3.20918150589973
2024-25,A. Caruso - I. Hartenstein - A. Wiggins - J. Williams - C. Wallace,OKC,16,11,5,0.688,67.385,67,132,0.508,17,35,0.486,22,33,0.667,20,40,60,47,16.0,17,4,11,34,31,173,21.0,6,4,1191,400,14,13,14,326,17,24,284,18,15,448,11,18,16,8,1188,8,29,1200,1197,15,13,11,202155,Traditional,141,122.7,108.6,14.1,100.08,122.69503546099291,33.33333333333333,42.5531914893617,12.056737588652481,2.8368794326241136,11.347517730496454,14.184397163120568,28.368794326241137,47.5177304964539,93.61702127659575,12.056737588652481,24.822695035460992,0.572,0.113,0.386,0.25,37.0,29.0,32.0,90.0,0.735,0.265,0.578,0.295,0.127,0.701,7.422187741384219,11.003755578966835,6.8500323557959435,2.2679878489837595
2024-25,M. Turner - A. Nembhard - O. Toppin - T. Haliburton - A. Nesmith,IND,16,11,5,0.688,65.3,57,116,0.491,25,54,0.463,21,26,0.808,11,39,50,35,15.0,4,12,4,34,28,160,-7.0,6,4,1191,400,15,17,17,488,8,14,285,20,22,354,24,20,22,14,1184,50,8,1173,1197,18,16,1100,195900,Traditional,133,120.3,125.6,-5.3,97.76,120.30075187969925,26.31578947368421,37.59398496240601,3.007518796992481,9.022556390977442,11.278195488721805,8.270676691729323,29.32330827067669,42.857142857142854,87.21804511278195,18.796992481203006,40.6015037593985,0.599,0.113,0.246,0.224,14.0,28.0,5.0,54.0,0.534,0.466,0.4,0.469,0.131,0.614,8.58983302674807,-0.2531255343968608,-4.406848757567753,3.4356331343476096
2024-25,K. Towns - O. Anunoby - M. Bridges - J. Brunson - M. Robinson,NYK,6,4,2,0.667,64.95,58,120,0.483,11,34,0.324,22,28,0.786,20,44,64,26,23.0,9,10,4,23,26,149,-6.0,54,50,928,402,16,15,16,493,26,25,476,18,19,374,11,14,14,23,1197,17,12,1173,1191,20,17,1074,194850,Traditional,130,114.6,118.3,-3.7,96.44,114.61538461538461,20.0,49.23076923076923,6.923076923076923,7.6923076923076925,17.692307692307693,15.384615384615385,33.84615384615385,44.61538461538462,92.3076923076923,8.461538461538462,26.153846153846157,0.529,0.177,0.431,0.233,16.0,27.0,9.0,78.0,0.717,0.283,0.631,0.221,0.148,0.448,2.2470191761175853,2.6577787626678715,-1.4959444605030203,-2.9071807162828742
2024-25,S. Curry - J. Butler III - D. Green - B. Hield - B. Podziemski,GSW,6,3,3,0.5,64.531667,58,122,0.475,27,65,0.415,19,21,0.905,9,43,52,40,12.0,9,9,5,22,25,162,20.0,54,79,1099,489,17,15,15,498,7,8,321,23,25,304,33,15,20,11,1180,17,14,1184,1189,21,15,12,193595,Traditional,132,122.7,109.2,13.5,97.44,122.72727272727273,30.303030303030305,39.39393939393939,6.8181818181818175,6.8181818181818175,9.090909090909092,6.8181818181818175,32.57575757575758,43.93939393939394,92.42424242424242,20.454545454545457,49.24242424242424,0.586,0.091,0.234,0.172,23.0,8.0,24.0,48.0,0.467,0.533,0.383,0.5,0.117,0.69,10.619384463187192,14.754125183349835,10.600401960178942,5.465184570786732
2024-25,J. Randle - D. DiVincenzo - N. Alexander-Walker - N. Reid - A. Edwards,MIN,14,8,6,0.571,64.216667,49,116,0.422,16,49,0.327,33,42,0.786,11,34,45,30,23.0,9,8,3,27,31,147,-24.0,9,13,1201,480,18,18,17,585,19,17,475,10,10,374,24,24,25,18,1197,17,16,1146,1193,15,18,1208,192650,Traditional,144,102.1,119.6,-17.5,107.26,102.08333333333333,20.833333333333336,31.25,6.25,5.555555555555555,15.972222222222221,7.638888888888889,23.61111111111111,34.02777777777778,80.55555555555556,11.11111111111111,34.02777777777778,0.491,0.16,0.304,0.362,26.0,15.0,11.0,64.0,0.578,0.422,0.449,0.327,0.224,0.612,1.3466263260094085,-19.17302509500853,-23.326748318179423,-3.807573566391051
2024-25,G. Antetokounmpo - B. Portis - G. Trent Jr. - K. Porter Jr. - A. Green,MIL,5,1,4,0.2,64.016667,49,109,0.45,21,51,0.412,16,27,0.593,13,57,70,29,15.0,5,5,5,27,24,135,4.0,76,266,1156,719,19,18,19,538,14,15,322,25,21,496,22,11,11,19,1184,43,22,1184,1193,22,21,170,192050,Traditional,127,106.3,100.0,6.3,96.72,106.29921259842521,22.83464566929134,55.118110236220474,3.937007874015748,3.937007874015748,11.811023622047244,10.236220472440944,44.881889763779526,38.582677165354326,85.8267716535433,16.535433070866144,40.15748031496063,0.546,0.118,0.239,0.248,10.0,13.0,11.0,50.0,0.532,0.468,0.415,0.467,0.119,0.592,6.929654443493772,13.25017466731282,9.096451444141927,1.7754545510933122
2024-25,O. Anunoby - J. Hart - M. Bridges - J. Brunson - M. Robinson,NYK,17,9,8,0.529,61.401667,45,100,0.45,16,39,0.41,23,39,0.59,11,38,49,20,18.0,10,2,2,28,36,129,-18.0,5,8,1208,488,20,23,22,536,19,23,323,17,12,497,24,22,23,26,1192,12,73,1074,1196,10,22,1198,184205,Traditional,132,97.7,108.9,-11.2,104.36,97.72727272727273,15.151515151515152,37.121212121212125,7.575757575757576,1.5151515151515151,13.636363636363635,8.333333333333332,28.78787878787879,34.090909090909086,75.75757575757575,12.121212121212121,29.545454545454547,0.53,0.136,0.262,0.39,22.0,7.0,19.0,50.0,0.61,0.39,0.45,0.372,0.178,0.444,2.2840580295471042,-12.29294946206944,-16.446672685240333,-2.8701418628533553
2024-25,A. Horford - J. Holiday - J. Brown - J. Tatum - D. White,BOS,5,2,3,0.4,60.721667,41,107,0.383,20,57,0.351,16,18,0.889,15,43,58,28,19.0,9,6,5,19,18,118,8.0,76,130,1099,646,21,24,21,662,15,13,380,25,29,306,20,15,17,21,1193,17,19,1184,1184,25,24,71,182165,Traditional,118,100.0,92.4,7.6,93.67,100.0,23.728813559322035,49.152542372881356,7.627118644067797,5.084745762711865,16.101694915254235,12.711864406779661,36.440677966101696,34.74576271186441,90.67796610169492,16.94915254237288,48.30508474576271,0.477,0.161,0.284,0.168,27.0,14.0,19.0,40.0,0.467,0.533,0.356,0.508,0.136,0.683,4.1478022247816275,-0.10851422065230487,-4.262237443823197,-1.006397667618832
2024-25,D. Mitchell - J. Allen - M. Strus - D. Garland - E. Mobley,CLE,5,3,2,0.6,60.355,49,108,0.454,18,49,0.367,24,29,0.828,17,40,57,29,19.0,10,5,6,19,24,140,1.0,76,79,928,463,22,18,20,535,16,17,371,15,18,347,16,18,18,19,1193,12,22,1191,1184,22,19,376,181065,Traditional,125,112.0,116.8,-4.8,97.03,112.00000000000001,23.200000000000003,45.6,8.0,4.0,15.2,13.600000000000001,32.0,39.2,86.4,14.399999999999999,39.2,0.537,0.152,0.333,0.269,14.0,21.0,16.0,60.0,0.546,0.454,0.443,0.386,0.171,0.592,5.228133875370964,3.8925621371098433,-0.2611610860610485,0.07393398297050435
2024-25,J. Randle - D. DiVincenzo - N. Reid - A. Edwards - J. McDaniels,MIN,14,9,5,0.643,58.233333,47,94,0.5,15,43,0.349,29,34,0.853,13,39,52,28,20.0,7,4,4,24,30,138,30.0,9,8,1191,449,23,21,24,328,22,21,381,11,13,330,22,20,20,21,1195,29,29,1173,1192,17,20,5,174700,Traditional,117,117.9,95.6,22.4,94.79,117.94871794871796,23.931623931623932,44.44444444444444,5.982905982905983,3.418803418803419,17.094017094017094,11.11111111111111,33.33333333333333,40.17094017094017,80.34188034188034,12.82051282051282,36.75213675213676,0.58,0.171,0.34,0.362,31.0,17.0,16.0,62.0,0.543,0.457,0.464,0.326,0.21,0.596,5.990909335851906,8.091695893938255,3.937972670767363,0.8367094434514462
2024-25,R. Gobert - D. DiVincenzo - N. Alexander-Walker - N. Reid - A. Edwards,MIN,13,8,5,0.615,53.698333,46,100,0.46,17,46,0.37,14,19,0.737,17,37,54,34,22.0,8,4,3,19,20,123,4.0,13,13,1191,462,24,22,22,524,17,19,369,30,28,427,16,23,19,16,1196,24,29,1146,1184,24,23,170,161095,Traditional,116,106.0,106.3,-0.2,101.9,106.03448275862068,29.310344827586203,46.55172413793103,6.896551724137931,3.4482758620689653,18.96551724137931,14.655172413793101,31.896551724137932,39.6551724137931,86.20689655172413,14.655172413793101,39.6551724137931,0.545,0.19,0.368,0.19,23.0,17.0,13.0,54.0,0.54,0.46,0.472,0.415,0.114,0.739,4.308711826457136,-4.11469019109913,-8.268413414270022,-0.8454880659433233
2023-24,A. Horford - J. Holiday - J. Brown - J. Tatum - D. White,BOS,19,16,3,0.842,304.806667,259,541,0.479,98,270,0.363,104,122,0.852,58,213,271,183,76.0,50,37,17,110,121,720,82.0,3,1,1021,294,1,2,1,463,1,1,332,1,1,275,2,1,1,1,1108,1,1,1102,1107,1,1,1,914420,Traditional,617,116.7,105.1,11.6,96.38,116.69367909238248,29.65964343598055,43.92220421393841,8.103727714748784,5.9967585089141,12.317666126418152,9.40032414910859,34.52188006482982,41.9773095623987,87.68233387358185,15.883306320907616,43.76012965964344,0.569,0.123,0.278,0.226,109.0,71.0,73.0,288.0,0.501,0.499,0.447,0.408,0.144,0.707,7.358429276618113,15.003620724175356,9.265319906465901,1.6049779776029895
2023-24,M. Turner - P. Siakam - A. Nembhard - T. Haliburton - A. Nesmith,IND,15,8,7,0.533,287.75,275,516,0.533,94,216,0.435,66,97,0.68,55,186,241,178,56.0,27,27,20,110,98,710,73.0,5,8,1103,408,2,1,2,301,2,2,273,4,2,384,3,2,3,2,1105,3,3,1104,1107,3,2,2,863250,Traditional,552,128.6,114.6,14.1,92.41,128.6231884057971,32.2463768115942,43.65942028985507,4.891304347826087,4.891304347826087,10.144927536231885,9.96376811594203,33.69565217391305,49.81884057971014,93.47826086956522,17.02898550724638,39.130434782608695,0.624,0.101,0.278,0.188,77.0,80.0,65.0,270.0,0.581,0.419,0.51,0.397,0.093,0.647,9.818306258608693,14.723556510225421,8.985255692515967,4.0648549595935695
2023-24,K. Caldwell-Pope - A. Gordon - N. Jokic - J. Murray - M. Porter Jr.,DEN,12,7,5,0.583,274.178333,240,510,0.471,61,183,0.333,65,77,0.844,63,180,243,155,67.0,33,21,28,86,101,606,-33.0,8,13,1095,396,3,3,3,470,3,3,340,5,6,279,1,3,2,3,1107,2,5,1108,1105,2,3,1107,822535,Traditional,546,111.0,117.0,-6.0,95.59,110.98901098901099,28.388278388278387,44.505494505494504,6.043956043956044,3.8461538461538463,12.27106227106227,11.538461538461538,32.967032967032964,43.956043956043956,93.4065934065934,11.172161172161173,33.51648351648351,0.53,0.123,0.267,0.151,69.0,81.0,84.0,308.0,0.641,0.359,0.591,0.302,0.107,0.646,4.382808062785282,-4.497319528215052,-10.235620345924506,-1.3706432362298422
2023-24,K. Irving - D. Jones Jr. - P. Washington - L. Doncic - D. Gafford,DAL,22,13,9,0.591,236.461667,196,406,0.483,42,140,0.3,67,89,0.753,53,154,207,108,66.0,26,33,24,90,80,501,-5.0,1,2,1108,394,4,4,4,459,5,4,417,3,4,328,4,5,4,4,1106,5,2,1106,1106,5,4,925,709385,Traditional,457,109.6,110.5,-0.9,92.87,109.62800875273524,23.63238512035011,45.29540481400438,5.689277899343545,7.2210065645514225,14.442013129102845,11.597374179431071,33.69803063457331,42.88840262582057,88.8402625820569,9.190371991247265,30.63457330415755,0.534,0.144,0.332,0.219,68.0,72.0,53.0,264.0,0.655,0.345,0.615,0.251,0.134,0.551,3.496669290552998,-0.9233716294462289,-6.661672447155683,-2.256782008462126
2023-24,M. Conley - R. Gobert - K. Towns - A. Edwards - J. McDaniels,MIN,14,8,6,0.571,206.645,172,356,0.483,50,130,0.385,71,96,0.74,46,155,201,106,53.0,27,16,24,83,83,465,54.0,7,8,1101,399,5,5,5,458,4,5,312,2,3,370,6,4,5,5,1104,3,7,1106,1104,4,5,4,619935,Traditional,402,115.7,103.3,12.4,92.91,115.67164179104476,26.368159203980102,50.0,6.7164179104477615,3.9800995024875623,13.184079601990051,11.442786069651742,38.55721393034826,42.78606965174129,88.55721393034825,12.437810945273633,32.33830845771145,0.553,0.132,0.271,0.27,54.0,52.0,52.0,210.0,0.635,0.365,0.525,0.323,0.153,0.616,6.148403344218909,11.414990290152826,5.676689472443371,0.3949520452037856
2023-24,O. Anunoby - I. Hartenstein - J. Hart - J. Brunson - D. DiVincenzo,NYK,9,6,3,0.667,177.09,156,319,0.489,42,112,0.375,60,76,0.789,43,112,155,89,44.0,13,26,15,68,72,414,1.0,19,19,1021,330,6,6,6,451,5,6,314,6,7,319,7,6,6,6,1103,9,4,1101,1102,6,6,370,531270,Traditional,343,120.7,120.1,0.6,93.11,120.6997084548105,25.94752186588921,45.18950437317784,3.7900874635568513,7.580174927113703,12.82798833819242,12.536443148688047,32.6530612244898,45.481049562682216,93.00291545189503,12.244897959183673,32.6530612244898,0.555,0.128,0.306,0.238,52.0,56.0,52.0,178.0,0.649,0.351,0.551,0.304,0.145,0.571,5.783825763219156,1.7503805152463259,-3.9879203024631287,0.03037446420403178
2023-24,K. Irving - D. Jones Jr. - P. Washington - L. Doncic - D. Lively II,DAL,20,13,7,0.65,146.713333,124,270,0.459,36,99,0.364,59,78,0.756,47,108,155,64,39.0,18,19,21,72,65,343,41.0,2,2,1103,380,7,7,7,486,7,7,326,7,5,327,5,7,6,7,1102,6,6,1105,1103,7,7,5,440140,Traditional,308,111.4,99.7,11.7,99.95,111.36363636363636,20.77922077922078,50.324675324675326,5.844155844155844,6.1688311688311686,12.662337662337661,15.259740259740258,35.064935064935064,40.25974025974026,87.66233766233766,11.688311688311687,32.142857142857146,0.526,0.127,0.319,0.289,45.0,57.0,32.0,136.0,0.633,0.367,0.513,0.315,0.172,0.516,4.287671836508335,3.640875008796244,-2.0974258089132105,-1.4657794625067888
2023-24,K. Lowry - T. Harris - J. Embiid - K. Oubre Jr. - T. Maxey,PHI,6,2,4,0.333,102.88,88,175,0.503,28,71,0.394,38,39,0.974,17,62,79,62,19.0,15,8,19,43,37,242,25.0,50,120,1066,565,8,9,9,318,8,9,311,9,10,250,9,12,10,8,1096,7,13,1103,1100,11,8,10,308640,Traditional,188,128.7,115.4,13.3,87.71,128.72340425531914,32.97872340425532,42.02127659574468,7.9787234042553195,4.25531914893617,10.106382978723403,9.042553191489363,32.97872340425532,46.808510638297875,93.08510638297872,14.893617021276595,37.765957446808514,0.583,0.101,0.295,0.223,36.0,24.0,37.0,96.0,0.594,0.406,0.496,0.347,0.157,0.705,8.861187479027738,17.005268359670684,11.266967541961229,3.1077361800126138
2023-24,L. James - A. Davis - D. Russell - R. Hachimura - A. Reaves,LAL,5,1,4,0.2,95.978333,93,179,0.52,18,62,0.29,20,30,0.667,15,67,82,57,13.0,12,10,2,24,24,224,14.0,72,246,1066,621,9,8,8,312,15,12,423,17,13,385,11,10,9,9,1089,11,10,977,1093,16,9,21,287935,Traditional,193,116.1,109.9,6.1,96.02,116.0621761658031,29.533678756476682,42.487046632124354,6.217616580310881,5.181347150259067,6.7357512953367875,7.772020725388601,34.715025906735754,48.18652849740933,92.74611398963731,9.32642487046632,32.12435233160622,0.57,0.067,0.185,0.168,19.0,21.0,35.0,134.0,0.654,0.346,0.67,0.241,0.089,0.613,6.527211229514659,6.584136110162847,0.8458352924533923,0.7737599304995353
2023-24,D. Mitchell - M. Strus - D. Garland - I. Okoro - E. Mobley,CLE,7,3,4,0.429,94.505,78,167,0.467,23,64,0.359,24,27,0.889,10,68,78,34,21.0,11,6,13,45,29,203,-9.0,37,77,1066,554,10,10,11,473,12,11,333,14,17,260,23,9,12,14,1099,14,17,1099,1101,12,11,1048,283515,Traditional,191,106.3,111.0,-4.7,97.01,106.28272251308901,17.801047120418847,40.83769633507853,5.7591623036649215,3.1413612565445024,10.99476439790576,5.2356020942408374,35.602094240837694,40.83769633507853,87.43455497382199,12.041884816753926,33.50785340314136,0.536,0.11,0.167,0.162,22.0,13.0,38.0,102.0,0.617,0.383,0.542,0.34,0.118,0.436,3.220612212095888,-5.996618978437728,-11.734919796147182,-2.532839086919236
2023-24,S. Gilgeous-Alexander - L. Dort - J. Giddey - C. Holmgren - J. Williams,OKC,8,6,2,0.75,91.985,76,172,0.442,27,73,0.37,32,39,0.821,14,65,79,47,19.0,15,14,11,26,38,211,16.0,28,19,856,315,11,11,10,515,9,8,325,12,10,300,12,11,10,10,1096,7,8,1098,1097,10,10,17,275955,Traditional,197,107.1,101.0,6.1,101.76,107.10659898477158,23.85786802030457,40.10152284263959,7.614213197969544,7.1065989847715745,9.644670050761421,7.1065989847715745,32.99492385786802,38.578680203045685,87.30964467005076,13.705583756345177,37.055837563451774,0.52,0.096,0.173,0.227,38.0,20.0,29.0,78.0,0.576,0.424,0.464,0.384,0.152,0.618,4.48549201104565,0.29388096981222755,-5.444419847897227,-1.2679592879694734
2023-24,G. Harris - W. Carter Jr. - F. Wagner - J. Suggs - P. Banchero,ORL,6,2,4,0.333,88.861667,71,164,0.433,21,67,0.313,36,46,0.783,24,74,98,37,24.0,13,10,13,36,44,199,28.0,50,120,1066,565,12,12,12,526,13,10,411,10,8,322,8,8,8,12,1101,9,10,1099,1099,8,12,7,266585,Traditional,182,109.3,91.9,17.4,99.39,109.34065934065933,20.32967032967033,53.84615384615385,7.142857142857142,5.4945054945054945,13.186813186813188,13.186813186813188,40.65934065934066,39.010989010989015,90.10989010989012,11.538461538461538,36.81318681318682,0.497,0.132,0.323,0.28,24.0,33.0,27.0,60.0,0.591,0.409,0.503,0.317,0.181,0.521,4.157898625885492,13.705596518940702,7.967295701231247,-1.5955526731296317
2023-24,J. Holiday - K. Porzingis - J. Brown - J. Tatum - D. White,BOS,7,6,1,0.857,81.806667,66,138,0.478,21,59,0.356,40,45,0.889,14,61,75,42,13.0,12,13,4,20,39,193,28.0,37,19,289,292,13,13,13,464,13,13,336,8,9,260,12,13,13,11,1089,11,9,1066,1089,9,13,7,245420,Traditional,156,123.7,106.5,17.3,91.24,123.71794871794873,26.923076923076923,48.07692307692308,7.6923076923076925,8.333333333333332,8.333333333333332,8.974358974358974,39.1025641025641,42.30769230769231,88.46153846153845,13.461538461538462,37.82051282051282,0.554,0.083,0.289,0.326,21.0,22.0,14.0,76.0,0.572,0.428,0.466,0.326,0.207,0.636,8.453211777961286,28.121837447983523,22.38353663027407,2.6997604789461622
2023-24,B. Lopez - P. Beverley - D. Lillard - K. Middleton - B. Portis,MIL,4,1,3,0.25,66.928333,54,108,0.5,17,33,0.515,33,36,0.917,14,45,59,28,13.0,3,3,4,22,27,158,-5.0,110,246,1021,607,14,15,15,319,17,19,150,11,12,254,12,15,14,18,1089,67,41,1066,1091,13,15,925,200785,Traditional,128,123.4,134.7,-11.3,89.29,123.4375,21.875,46.09375,2.34375,2.34375,10.15625,10.9375,35.15625,42.1875,84.375,13.28125,25.78125,0.579,0.102,0.278,0.333,10.0,16.0,4.0,54.0,0.694,0.306,0.468,0.323,0.209,0.519,6.692001214941384,1.3516995678507557,-4.386601249858699,0.9385499159262602
2023-24,K. Irving - P. Washington - L. Doncic - J. Green - D. Lively II,DAL,17,10,7,0.588,63.631667,60,115,0.522,26,55,0.473,19,26,0.731,14,42,56,35,12.0,9,6,2,25,24,165,29.0,4,4,1103,395,15,14,14,309,10,14,261,19,18,372,12,16,16,13,1085,16,17,977,1095,16,14,6,190895,Traditional,128,128.9,108.8,20.1,95.42,128.90625,27.34375,43.75,7.03125,4.6875,9.375,10.9375,32.8125,46.875,89.84375,20.3125,42.96875,0.635,0.094,0.305,0.226,21.0,30.0,19.0,60.0,0.522,0.478,0.412,0.473,0.115,0.583,10.324936690227664,20.720163099583583,14.981862281874129,4.571485391212541
2023-24,D. Mitchell - J. Allen - M. Strus - D. Garland - E. Mobley,CLE,4,2,2,0.5,62.006667,47,102,0.461,11,33,0.333,17,23,0.739,11,46,57,31,20.0,7,8,8,25,27,122,-9.0,110,120,856,410,16,19,18,484,24,19,340,20,20,371,19,14,15,15,1098,20,13,1094,1095,13,18,1048,186020,Traditional,124,98.4,109.2,-10.8,94.44,98.38709677419355,25.0,45.96774193548387,5.64516129032258,6.451612903225806,16.129032258064516,8.870967741935484,37.096774193548384,37.903225806451616,82.25806451612904,8.870967741935484,26.61290322580645,0.515,0.161,0.276,0.225,17.0,13.0,20.0,64.0,0.676,0.324,0.59,0.27,0.139,0.66,2.173356408642855,-7.285900322824335,-13.02420114053379,-3.5800948903722687
2023-24,S. Gilgeous-Alexander - L. Dort - I. Joe - C. Holmgren - J. Williams,OKC,8,4,4,0.5,58.738333,54,108,0.5,18,48,0.375,17,18,0.944,10,31,41,29,13.0,12,10,6,30,27,143,17.0,28,43,1066,410,17,15,15,319,15,16,314,20,27,251,23,20,21,17,1089,11,10,1091,1098,13,17,15,176215,Traditional,119,120.2,105.9,14.3,97.24,120.16806722689076,24.369747899159663,34.45378151260504,10.084033613445378,8.403361344537815,10.92436974789916,8.403361344537815,26.05042016806723,45.378151260504204,90.75630252100841,15.126050420168067,40.33613445378151,0.583,0.109,0.236,0.167,30.0,9.0,14.0,52.0,0.556,0.444,0.503,0.378,0.119,0.537,6.416387034256731,5.467084137176083,-0.2712166805333718,0.6629357352416072
2023-24,B. Adebayo - C. Martin - T. Herro - N. Jovic - J. Jaquez Jr.,MIA,4,1,3,0.25,56.168333,38,98,0.388,15,47,0.319,8,11,0.727,9,40,49,26,14.0,5,3,9,16,9,99,-13.0,110,246,1021,607,18,20,20,622,18,17,410,53,55,373,28,18,18,20,1094,31,41,1097,1081,59,21,1080,168505,Traditional,105,94.3,106.7,-12.4,89.73,94.28571428571428,24.761904761904763,46.666666666666664,4.761904761904762,2.857142857142857,13.333333333333334,8.571428571428571,38.095238095238095,36.19047619047619,93.33333333333333,14.285714285714285,44.761904761904766,0.464,0.133,0.21,0.112,9.0,9.0,10.0,38.0,0.52,0.48,0.465,0.455,0.081,0.684,1.9850149363950207,-10.683721448286214,-16.42202226599567,-3.768436362620103
2023-24,A. Horford - J. Holiday - J. Tatum - P. Pritchard - S. Hauser,BOS,11,9,2,0.818,56.038333,53,100,0.53,26,54,0.481,22,28,0.786,11,37,48,31,6.0,7,6,2,15,17,154,58.0,12,5,856,299,19,17,19,302,10,15,259,16,15,321,19,19,19,15,1044,20,17,977,1077,22,16,3,168115,Traditional,109,141.3,89.7,51.6,92.51,141.28440366972478,28.440366972477065,44.03669724770643,6.422018348623854,5.5045871559633035,5.5045871559633035,10.091743119266056,33.94495412844037,48.62385321100918,91.74311926605505,23.853211009174313,49.54128440366973,0.66,0.055,0.32,0.28,33.0,13.0,22.0,40.0,0.46,0.54,0.351,0.506,0.143,0.585,13.436976640643682,35.98817909819117,30.249878280481713,7.683525341628558
2023-24,I. Hartenstein - J. Hart - J. Brunson - D. DiVincenzo - M. McBride,NYK,7,3,4,0.429,55.233333,48,105,0.457,15,43,0.349,9,15,0.6,17,26,43,27,13.0,5,4,8,17,15,120,-11.0,37,77,1066,554,20,18,17,488,18,18,338,44,35,418,9,25,20,19,1089,31,28,1094,1085,29,19,1064,165700,Traditional,105,114.3,124.8,-10.5,91.25,114.28571428571428,25.71428571428571,40.95238095238095,4.761904761904762,3.8095238095238098,12.380952380952381,16.19047619047619,24.761904761904763,45.714285714285715,100.0,14.285714285714285,40.95238095238095,0.529,0.124,0.39,0.143,16.0,24.0,18.0,58.0,0.59,0.41,0.55,0.375,0.075,0.563,3.911248121860204,-11.664672179044622,-17.402972996754077,-1.8422031771549197
2023-24,J. Valančiūnas - C. McCollum - B. Ingram - H. Jones - T. Murphy III,NOP,4,0,4,0.0,48.673333,37,90,0.411,6,28,0.214,11,13,0.846,11,42,53,22,17.0,6,4,4,17,14,91,-14.0,110,627,1066,627,21,21,21,567,48,25,501,38,41,277,19,16,17,24,1095,24,28,1066,1085,31,26,1088,146020,Traditional,103,88.3,104.0,-15.6,100.59,88.3495145631068,21.35922330097087,51.45631067961165,5.825242718446602,3.8834951456310676,16.50485436893204,10.679611650485436,40.77669902912621,35.92233009708738,87.37864077669903,5.825242718446602,27.184466019417474,0.444,0.165,0.278,0.144,3.0,16.0,3.0,42.0,0.689,0.311,0.681,0.198,0.121,0.595,-1.0991709356921282,-14.215347099815016,-19.95364791752447,-6.852622234707252
2022-23,K. Caldwell-Pope - A. Gordon - N. Jokic - J. Murray - M. Porter Jr.,DEN,20,16,4,0.8,376.035,348,710,0.49,87,245,0.355,125,160,0.781,83,265,348,219,76.0,51,32,33,133,145,908,68.0,1,1,1040,296,1,1,1,428,1,1,354,1,1,308,1,1,1,1,1090,1,3,1090,1090,1,1,1,1128105,Traditional,762,119.2,109.8,9.4,97.46,119.16010498687663,28.74015748031496,45.66929133858268,6.692913385826772,4.199475065616798,9.973753280839896,10.892388451443571,34.7769028871391,45.66929133858268,93.1758530183727,11.41732283464567,32.15223097112861,0.551,0.1,0.278,0.225,107.0,91.0,130.0,426.0,0.655,0.345,0.575,0.287,0.138,0.629,5.764577281514031,8.546524196377884,3.0722555695925253,1.5268950871138438
2022-23,A. Horford - M. Smart - J. Brown - J. Tatum - D. White,BOS,18,10,8,0.556,242.288333,204,438,0.466,68,198,0.343,76,89,0.854,50,171,221,119,58.0,31,35,28,80,90,552,27.0,2,8,1090,399,2,2,3,456,2,2,360,2,2,255,2,2,2,2,1089,3,1,1089,1089,2,2,10,726865,Traditional,489,112.9,106.7,6.2,97.17,112.88343558282207,24.335378323108383,45.194274028629856,6.339468302658487,7.157464212678937,11.860940695296524,10.224948875255624,34.96932515337423,41.717791411042946,89.57055214723927,13.905930470347649,40.49079754601227,0.543,0.119,0.24,0.203,88.0,60.0,78.0,230.0,0.548,0.452,0.493,0.37,0.138,0.583,5.5910912986019445,6.484893700613641,1.0106250738282823,1.3534091042017575
2022-23,K. Love - J. Butler - B. Adebayo - G. Vincent - M. Strus,MIA,17,12,5,0.706,235.913333,201,450,0.447,59,166,0.355,63,76,0.829,46,167,213,112,50.0,39,16,20,74,84,524,12.0,3,2,1069,321,3,3,2,475,3,3,353,3,4,278,3,3,3,3,1087,2,6,1088,1088,3,3,31,707740,Traditional,483,108.5,106.0,2.5,98.27,108.48861283643892,23.18840579710145,44.099378881987576,8.074534161490684,3.3126293995859215,10.351966873706004,9.523809523809524,34.57556935817806,41.61490683229814,93.16770186335404,12.215320910973086,34.368530020703936,0.512,0.104,0.236,0.169,83.0,66.0,63.0,230.0,0.631,0.369,0.542,0.338,0.12,0.557,3.702108279638359,-0.01343608269952945,-5.4877047094848885,-0.5355739147618279
2022-23,L. James - A. Davis - D. Russell - J. Vanderbilt - A. Reaves,LAL,13,7,6,0.538,176.765,155,332,0.467,42,122,0.344,62,79,0.785,39,136,175,101,53.0,27,35,8,62,78,414,9.0,14,17,1077,403,4,4,4,451,4,4,359,4,3,306,4,4,4,4,1088,4,1,1074,1087,4,4,53,530295,Traditional,384,107.8,107.4,0.4,103.32,107.8125,26.302083333333332,45.57291666666667,7.03125,9.114583333333332,13.802083333333334,10.15625,35.41666666666667,40.36458333333333,86.45833333333334,10.9375,31.770833333333332,0.53,0.138,0.253,0.238,67.0,58.0,73.0,178.0,0.633,0.367,0.546,0.304,0.15,0.652,3.9183504587625553,3.2332458441208956,-2.2410227826644635,-0.31933173563763173
2022-23,P. Tucker - J. Harden - T. Harris - J. Embiid - T. Maxey,PHI,9,5,4,0.556,160.433333,120,279,0.43,42,115,0.365,56,67,0.836,36,105,141,65,38.0,16,20,19,56,57,338,-37.0,29,32,1040,399,5,5,5,504,4,5,345,5,5,263,5,5,5,5,1086,7,4,1087,1086,5,5,1090,481300,Traditional,309,109.4,122.1,-12.8,92.15,109.38511326860842,21.035598705501616,45.63106796116505,5.177993527508091,6.472491909385113,12.297734627831716,11.650485436893204,33.980582524271846,38.83495145631068,90.29126213592234,13.592233009708737,37.2168284789644,0.505,0.123,0.292,0.24,32.0,50.0,42.0,122.0,0.588,0.412,0.462,0.373,0.166,0.542,3.5696019339042913,-1.2201083978438323,-6.694377024629191,-0.6680802604958958
2022-23,C. Paul - K. Durant - D. Booker - T. Craig - D. Ayton,PHX,6,4,2,0.667,101.155,93,181,0.514,21,52,0.404,45,56,0.804,20,73,93,57,27.0,19,8,6,38,47,252,30.0,59,41,842,325,6,6,7,297,10,14,303,9,9,289,10,6,7,6,1084,5,11,1067,1083,6,6,7,303465,Traditional,209,120.6,104.7,15.9,99.89,120.57416267942584,27.27272727272727,44.49760765550239,9.090909090909092,3.827751196172249,12.918660287081341,9.569377990430622,34.92822966507177,44.49760765550239,86.60287081339713,10.047846889952153,24.880382775119617,0.572,0.129,0.286,0.309,52.0,31.0,33.0,104.0,0.713,0.287,0.571,0.25,0.179,0.613,4.990035710415848,12.255647234028022,6.7813786072426625,0.7523535160156607
2022-23,J. Butler - B. Adebayo - C. Martin - G. Vincent - M. Strus,MIA,13,7,6,0.538,101.121667,80,193,0.415,23,63,0.365,36,42,0.857,23,69,92,40,16.0,15,7,13,46,46,219,15.0,14,17,1077,403,7,7,6,542,8,8,346,12,11,251,9,8,8,15,1071,10,16,1083,1085,7,8,23,303365,Traditional,206,106.3,100.5,5.8,97.07,106.31067961165049,19.41747572815534,44.66019417475729,7.281553398058252,3.3980582524271843,7.766990291262135,11.165048543689322,33.49514563106796,38.83495145631068,93.68932038834951,11.165048543689322,30.582524271844658,0.474,0.078,0.282,0.218,32.0,26.0,13.0,72.0,0.674,0.326,0.521,0.315,0.164,0.5,2.3131753983461176,-4.066767596542417,-9.541036223327776,-1.9245067960540694
2022-23,K. Lowry - J. Butler - B. Adebayo - C. Martin - D. Robinson,MIA,17,10,7,0.588,90.943333,79,158,0.5,25,59,0.424,38,41,0.927,26,57,83,53,30.0,14,4,7,34,34,221,44.0,3,8,1086,391,8,8,10,305,6,10,295,10,13,229,8,13,11,7,1085,12,37,1069,1081,13,7,4,272830,Traditional,174,127.0,102.3,24.7,91.57,127.01149425287358,30.45977011494253,47.701149425287355,8.045977011494253,2.2988505747126435,17.24137931034483,14.942528735632186,32.758620689655174,45.40229885057471,90.80459770114942,14.367816091954023,33.90804597701149,0.579,0.172,0.45,0.259,48.0,30.0,27.0,80.0,0.627,0.373,0.489,0.339,0.172,0.671,5.856036658536267,13.30811608456031,7.833847457774952,1.6183544641360799
2022-23,A. Horford - M. Smart - J. Brown - M. Brogdon - J. Tatum,BOS,13,7,6,0.538,86.653333,70,141,0.496,25,70,0.357,47,57,0.825,15,69,84,45,24.0,8,17,8,26,38,212,57.0,14,17,1077,403,9,12,13,424,6,6,352,8,8,282,16,8,10,9,1082,27,5,1074,1070,10,9,2,259960,Traditional,181,117.1,89.1,28.0,98.32,117.1270718232044,24.861878453038674,46.408839779005525,4.41988950276243,9.392265193370166,13.259668508287293,8.287292817679557,38.12154696132597,38.67403314917127,77.90055248618785,13.812154696132598,38.67403314917127,0.585,0.133,0.267,0.404,33.0,21.0,29.0,80.0,0.504,0.496,0.425,0.354,0.222,0.643,6.8150740783410315,18.58730783045295,13.11303920366759,2.5773918839408445
2022-23,J. Randle - J. Brunson - M. Robinson - R. Barrett - Q. Grimes,NYK,6,3,3,0.5,86.413333,58,139,0.417,19,61,0.311,49,63,0.778,18,70,88,32,23.0,16,8,9,30,45,184,22.0,59,69,978,407,10,18,14,530,11,9,428,7,6,309,13,7,9,19,1080,7,11,1079,1078,8,13,13,259240,Traditional,173,106.4,93.6,12.7,96.1,106.35838150289017,18.497109826589593,50.86705202312138,9.248554913294797,4.624277456647398,13.294797687861271,10.404624277456648,40.46242774566474,33.52601156069364,80.34682080924856,10.982658959537572,35.26011560693642,0.486,0.133,0.244,0.453,34.0,13.0,22.0,64.0,0.561,0.439,0.424,0.31,0.266,0.552,2.594982496255238,16.978716327434142,11.504447700648782,-1.6426996981449489
2022-23,C. Capela - D. Murray - J. Collins - T. Young - D. Hunter,ATL,5,1,4,0.2,85.6,72,170,0.424,14,59,0.237,22,27,0.815,17,65,82,44,26.0,14,9,14,29,28,180,-32.0,79,211,1040,610,11,10,8,525,22,10,511,22,22,286,15,10,12,10,1083,12,8,1084,1076,20,14,1088,256800,Traditional,188,95.7,112.8,-17.0,105.42,95.74468085106383,23.404255319148938,43.61702127659575,7.446808510638298,4.787234042553192,13.829787234042554,9.042553191489363,34.57446808510639,38.297872340425535,90.42553191489363,7.446808510638298,31.382978723404253,0.465,0.138,0.245,0.159,24.0,30.0,23.0,88.0,0.653,0.347,0.644,0.233,0.122,0.611,-0.23550287833247108,-11.975904501535709,-17.45017312832107,-4.473185072732658
2022-23,S. Curry - K. Thompson - D. Green - A. Wiggins - K. Looney,GSW,8,4,4,0.5,81.536667,77,170,0.453,22,70,0.314,28,41,0.683,31,63,94,41,20.0,10,9,9,31,37,204,36.0,37,41,1040,407,12,9,8,470,9,6,426,17,13,357,6,11,6,12,1076,20,8,1079,1079,12,10,5,244610,Traditional,172,118.6,97.7,20.9,101.26,118.6046511627907,23.837209302325583,54.65116279069767,5.813953488372093,5.232558139534884,11.627906976744185,18.023255813953487,36.627906976744185,44.76744186046512,98.83720930232558,12.790697674418606,40.69767441860465,0.518,0.116,0.414,0.241,21.0,42.0,16.0,68.0,0.588,0.412,0.539,0.324,0.137,0.532,5.708455138152722,14.800028916814913,9.325760290029553,1.470772943752535
2022-23,L. James - A. Davis - D. Schroder - R. Hachimura - A. Reaves,LAL,10,3,7,0.3,78.285,60,133,0.451,13,40,0.325,53,61,0.869,15,58,73,33,17.0,12,7,14,26,38,186,26.0,24,69,1086,596,13,16,15,472,27,19,425,6,7,249,16,12,14,17,1072,15,16,1084,1070,10,12,11,234855,Traditional,164,113.4,100.6,12.8,99.02,113.41463414634146,20.121951219512198,44.51219512195122,7.317073170731707,4.2682926829268295,10.365853658536585,9.146341463414634,35.36585365853659,36.58536585365854,81.09756097560977,7.926829268292683,24.390243902439025,0.5,0.104,0.303,0.459,29.0,20.0,20.0,84.0,0.699,0.301,0.505,0.21,0.285,0.55,1.9354985430165232,7.901371171172412,2.4271025443870533,-2.3021836513836638
2022-23,L. James - A. Davis - D. Schroder - D. Russell - A. Reaves,LAL,13,8,5,0.615,76.94,69,143,0.483,18,49,0.367,38,47,0.809,20,57,77,46,14.0,10,8,2,22,39,194,6.0,14,14,1069,378,14,13,12,435,13,15,344,10,10,288,10,13,13,8,1064,20,11,952,1068,9,11,101,230820,Traditional,164,118.3,116.0,2.2,101.69,118.29268292682926,28.04878048780488,46.95121951219512,6.097560975609756,4.878048780487805,8.536585365853659,12.195121951219512,34.756097560975604,42.073170731707314,87.1951219512195,10.975609756097562,29.878048780487802,0.545,0.085,0.304,0.329,26.0,24.0,29.0,82.0,0.657,0.343,0.526,0.278,0.196,0.667,5.51262405101708,10.2163120572645,4.74204343047914,1.274941856616893
2022-23,J. Randle - J. Hart - J. Brunson - M. Robinson - R. Barrett,NYK,7,5,2,0.714,74.566667,59,128,0.461,18,46,0.391,24,40,0.6,28,36,64,31,22.0,5,5,8,21,29,160,-15.0,46,32,842,319,15,17,18,462,13,18,329,18,15,401,7,27,19,21,1078,39,25,1074,1063,19,17,1075,223700,Traditional,133,120.3,128.7,-8.4,86.58,120.30075187969925,23.308270676691727,48.1203007518797,3.7593984962406015,3.7593984962406015,16.541353383458645,21.052631578947366,27.06766917293233,44.3609022556391,96.2406015037594,13.533834586466165,34.58646616541353,0.531,0.165,0.468,0.313,13.0,30.0,11.0,68.0,0.641,0.359,0.513,0.338,0.15,0.525,3.506807810067298,-5.98770634957861,-11.461974976363969,-0.7308743843328891
2022-23,D. Brooks - J. Jackson Jr. - J. Morant - X. Tillman - D. Bane,MEM,5,1,4,0.2,72.768333,50,132,0.379,9,49,0.184,31,37,0.838,15,50,65,27,23.0,11,6,15,32,30,140,-27.0,79,211,1040,610,16,25,16,595,39,15,536,15,17,262,16,17,17,27,1080,18,21,1086,1080,17,26,1085,218305,Traditional,156,89.7,106.4,-16.6,103.23,89.74358974358975,17.307692307692307,41.66666666666667,7.051282051282051,3.8461538461538463,14.743589743589745,9.615384615384617,32.05128205128205,32.05128205128205,84.61538461538461,5.769230769230769,31.41025641025641,0.413,0.147,0.214,0.28,34.0,18.0,31.0,76.0,0.629,0.371,0.586,0.193,0.221,0.54,-3.5547643945717606,-20.486697441773885,-25.960966068559244,-7.792446588971948
2022-23,C. LeVert - D. Mitchell - J. Allen - D. Garland - E. Mobley,CLE,5,1,4,0.2,72.616667,62,121,0.512,12,39,0.308,20,26,0.769,12,40,52,37,19.0,10,9,8,23,23,156,3.0,79,211,1040,610,17,15,20,299,29,20,429,26,23,316,25,24,26,16,1074,20,8,1074,1069,27,20,197,217850,Traditional,136,114.7,110.9,3.8,90.56,114.70588235294117,27.205882352941174,38.23529411764706,7.352941176470589,6.61764705882353,13.970588235294118,8.823529411764707,29.411764705882355,45.588235294117645,88.97058823529412,8.823529411764707,28.676470588235293,0.562,0.14,0.283,0.215,31.0,18.0,17.0,92.0,0.678,0.322,0.641,0.231,0.128,0.597,3.6741177639174,-2.405335817995824,-7.879604444781183,-0.5635644304827871
2022-23,H. Barnes - D. Sabonis - D. Fox - K. Huerter - K. Murray,SAC,7,3,4,0.429,72.316667,71,157,0.452,14,58,0.241,20,28,0.714,20,45,65,33,14.0,18,8,5,28,27,176,-14.0,46,69,1040,538,18,11,11,471,22,12,510,26,21,344,10,21,17,17,1064,6,11,1055,1074,21,15,1071,216950,Traditional,160,110.0,117.3,-7.3,106.86,110.00000000000001,20.625,40.625,11.25,5.0,8.75,12.5,28.125,44.375,98.125,8.75,36.25,0.497,0.088,0.303,0.178,33.0,24.0,25.0,100.0,0.631,0.369,0.648,0.239,0.114,0.465,3.199650499740268,1.9165754346469366,-3.5576931921384225,-1.038031694659919
2022-23,K. Lowry - J. Butler - B. Adebayo - C. Martin - M. Strus,MIA,17,10,7,0.588,69.803333,50,120,0.417,16,39,0.41,35,42,0.833,14,54,68,30,15.0,5,8,7,28,31,151,18.0,3,8,1086,391,19,25,21,531,17,20,301,13,11,264,22,15,15,24,1069,39,11,1069,1074,15,23,17,209410,Traditional,144,104.9,97.8,7.1,96.27,104.86111111111111,20.833333333333336,47.22222222222222,3.4722222222222223,5.555555555555555,10.416666666666668,9.722222222222223,37.5,34.72222222222222,83.33333333333334,11.11111111111111,27.083333333333332,0.483,0.104,0.31,0.35,17.0,19.0,23.0,58.0,0.675,0.325,0.45,0.318,0.232,0.6,1.9607048617594462,-2.5977430154906953,-8.072011642276054,-2.2769773326407408
2022-23,S. Curry - K. Thompson - D. Green - A. Wiggins - G. Payton II,GSW,8,3,5,0.375,67.59,66,130,0.508,17,57,0.298,17,21,0.81,18,49,67,43,22.0,10,5,4,26,26,166,4.0,37,69,1069,552,20,14,17,301,15,13,439,36,34,287,13,18,16,11,1078,20,25,1044,1070,22,16,153,202770,Traditional,141,117.7,113.3,4.4,100.84,117.7304964539007,30.49645390070922,47.5177304964539,7.092198581560284,3.546099290780142,15.602836879432624,12.76595744680851,34.751773049645394,46.808510638297875,92.19858156028369,12.056737588652481,40.42553191489361,0.573,0.156,0.313,0.162,25.0,22.0,23.0,80.0,0.562,0.438,0.59,0.307,0.102,0.652,5.703061170045855,9.153826186711825,3.679557559926466,1.4653789756456677
2022-23,M. Conley - R. Gobert - K. Towns - N. Alexander-Walker - A. Edwards,MIN,5,1,4,0.2,66.848333,56,109,0.514,14,38,0.368,22,33,0.667,12,47,59,28,15.0,5,6,3,35,31,148,-3.0,79,211,1040,610,21,23,25,298,22,22,341,22,18,358,25,19,22,26,1069,39,21,1008,1082,15,24,790,200545,Traditional,128,115.6,118.9,-3.3,91.55,115.625,21.875,46.09375,3.90625,4.6875,11.71875,9.375,36.71875,43.75,85.15625,10.9375,29.6875,0.578,0.117,0.273,0.303,16.0,15.0,21.0,76.0,0.651,0.349,0.568,0.284,0.149,0.5,4.964926528984325,5.942650574487828,0.4683819477024693,0.727244334584138
2022-23,J. Green - A. Gordon - J. Murray - B. Brown - C. Braun,DEN,14,11,3,0.786,65.745,58,112,0.518,17,36,0.472,23,26,0.885,8,53,61,23,10.0,9,6,5,39,26,156,8.0,12,6,978,305,22,18,23,294,15,24,268,20,23,244,37,16,21,29,1046,25,21,1055,1084,22,20,68,197235,Traditional,135,115.6,111.3,4.3,97.83,115.55555555555554,17.037037037037038,45.18518518518518,6.666666666666667,4.444444444444445,7.4074074074074066,5.9259259259259265,39.25925925925926,42.96296296296296,82.96296296296296,12.592592592592592,26.666666666666668,0.594,0.074,0.175,0.232,20.0,7.0,36.0,62.0,0.679,0.321,0.526,0.327,0.147,0.397,6.210080920143175,10.982805972852677,5.508537346067318,1.9723987257429876
2022-23,A. Horford - M. Smart - J. Brown - J. Tatum - R. Williams III,BOS,10,7,3,0.7,63.121667,58,115,0.504,14,36,0.389,16,19,0.842,13,44,57,26,17.0,11,12,5,18,24,146,2.0,24,17,978,322,23,18,22,304,22,24,330,38,37,261,24,22,23,28,1072,18,7,1055,1058,26,25,249,189365,Traditional,131,111.5,109.9,1.5,99.62,111.45038167938932,19.84732824427481,43.51145038167939,8.396946564885496,9.16030534351145,12.977099236641221,9.923664122137405,33.587786259541986,44.274809160305345,87.78625954198473,10.687022900763358,27.480916030534353,0.565,0.13,0.293,0.165,23.0,26.0,21.0,78.0,0.687,0.313,0.603,0.288,0.11,0.448,4.39742262157671,3.7549859614868186,-1.7192826652985405,0.15974042717652281
2022-23,K. Caldwell-Pope - A. Gordon - N. Jokic - J. Murray - B. Brown,DEN,15,12,3,0.8,63.116667,54,110,0.491,16,34,0.471,34,40,0.85,15,47,62,31,11.0,12,5,5,15,30,158,30.0,8,2,978,296,24,24,24,427,17,27,269,14,15,256,16,19,20,21,1056,15,25,1055,1049,17,18,7,189350,Traditional,132,119.7,97.7,22.0,100.01,119.6969696969697,23.484848484848484,46.96969696969697,9.090909090909092,3.787878787878788,8.333333333333332,11.363636363636363,35.60606060606061,40.909090909090914,83.33333333333334,12.121212121212121,25.757575757575758,0.564,0.083,0.305,0.364,19.0,18.0,24.0,62.0,0.691,0.309,0.481,0.304,0.215,0.574,5.92148245980366,16.62265737483201,11.14838874804665,1.6838002654034732
2022-23,S. Curry - K. Thompson - A. Wiggins - K. Looney - J. Poole,GSW,9,4,5,0.444,59.725,57,122,0.467,19,48,0.396,20,23,0.87,15,38,53,41,20.0,15,5,9,21,25,153,11.0,29,41,1069,537,25,21,19,450,11,17,328,26,28,248,16,25,25,12,1076,10,25,1079,1063,24,22,39,179175,Traditional,139,110.1,106.0,4.1,109.7,110.07194244604317,29.496402877697843,38.1294964028777,10.79136690647482,3.597122302158273,14.388489208633093,10.79136690647482,27.33812949640288,41.007194244604314,87.76978417266187,13.66906474820144,34.53237410071942,0.545,0.144,0.303,0.189,33.0,27.0,15.0,64.0,0.607,0.393,0.497,0.373,0.131,0.719,3.922123832131476,-3.134600840159462,-8.608869466944821,-0.3155583622687108
2022-23,S. Dinwiddie - D. Finney-Smith - M. Bridges - N. Claxton - C. Johnson,BKN,4,0,4,0.0,55.4,48,95,0.505,16,37,0.432,16,18,0.889,6,38,44,31,10.0,5,7,5,16,19,128,13.0,114,619,1040,619,26,28,27,303,17,23,281,38,40,240,58,25,27,21,1046,39,16,1055,1055,35,27,29,166200,Traditional,107,119.6,107.5,12.1,92.71,119.62616822429905,28.971962616822427,41.1214953271028,4.672897196261682,6.5420560747663545,9.345794392523365,5.607476635514018,35.51401869158878,44.85981308411215,88.78504672897196,14.953271028037381,34.57943925233645,0.589,0.093,0.146,0.189,22.0,7.0,17.0,48.0,0.611,0.389,0.5,0.375,0.125,0.646,7.523620835079722,5.522336491839279,0.04806786505391969,3.285938640679535
2022-23,A. Gordon - N. Jokic - J. Murray - B. Brown - M. Porter Jr.,DEN,14,10,4,0.714,55.08,57,102,0.559,15,36,0.417,29,32,0.906,15,41,56,41,14.0,16,2,5,27,32,158,54.0,12,8,1040,319,27,21,26,259,20,24,296,16,19,238,16,23,24,12,1064,7,75,1055,1073,14,18,3,165240,Traditional,119,132.8,93.7,39.1,100.22,132.77310924369746,34.45378151260504,47.05882352941176,13.445378151260504,1.680672268907563,11.76470588235294,12.605042016806722,34.45378151260504,47.89915966386555,85.71428571428571,12.605042016806722,30.252100840336134,0.632,0.118,0.362,0.314,23.0,15.0,23.0,74.0,0.647,0.353,0.532,0.285,0.184,0.719,8.952075891957954,33.48555160712763,28.011282980342273,4.7143936975577665
2021-22,J. Harden - D. Green - T. Harris - J. Embiid - T. Maxey,PHI,10,6,4,0.6,184.108333,138,291,0.474,52,133,0.391,82,96,0.854,27,129,156,80,49.0,23,14,14,54,81,410,43.0,17,15,1208,512,1,3,3,519,2,2,366,1,1,330,7,2,2,4,1252,2,6,1250,1246,2,1,3,552325,Traditional,355,115.5,102.5,13.0,92.95,115.49295774647888,22.535211267605636,43.94366197183099,6.478873239436619,3.943661971830986,13.802816901408452,7.605633802816901,36.33802816901409,38.87323943661972,81.97183098591549,14.647887323943662,37.46478873239437,0.564,0.138,0.229,0.33,54.0,31.0,88.0,144.0,0.543,0.457,0.42,0.38,0.2,0.58,6.756354145176564,9.779482398621024,6.134337905765427,1.2020899688829854
2021-22,C. Paul - J. Crowder - D. Booker - M. Bridges - D. Ayton,PHX,10,5,5,0.5,180.326667,147,305,0.482,37,97,0.381,61,77,0.792,34,121,155,86,47.0,18,15,12,68,86,392,-11.0,17,27,1236,537,2,2,2,512,7,6,368,2,2,376,5,3,3,2,1251,7,4,1246,1251,1,3,1217,540980,Traditional,346,113.3,115.5,-2.2,92.5,113.29479768786128,24.85549132947977,44.797687861271676,5.202312138728324,4.335260115606936,13.583815028901732,9.826589595375722,34.971098265895954,42.48554913294797,88.15028901734104,10.69364161849711,28.034682080924856,0.543,0.136,0.27,0.252,67.0,36.0,35.0,146.0,0.682,0.318,0.561,0.283,0.156,0.585,4.611709170700418,-1.3339129181533433,-4.979057411008941,-0.9425550055931611
2021-22,S. Curry - K. Thompson - D. Green - A. Wiggins - K. Looney,GSW,15,11,4,0.733,171.873333,154,337,0.457,61,148,0.412,36,52,0.692,57,134,191,106,44.0,19,15,14,68,58,405,64.0,3,2,1208,441,3,1,1,547,1,1,340,11,10,453,1,1,1,1,1249,5,4,1250,1251,6,2,1,515620,Traditional,347,116.7,98.0,18.7,97.05,116.71469740634006,30.547550432276655,55.04322766570605,5.475504322766571,4.322766570605188,12.680115273775217,16.42651296829971,38.61671469740634,44.38040345821326,97.11815561959655,17.579250720461097,42.65129682997118,0.547,0.127,0.356,0.154,44.0,67.0,61.0,158.0,0.561,0.439,0.459,0.452,0.089,0.688,7.636482378729435,13.141923180149437,9.49677868729384,2.0822182024358566
2021-22,A. Horford - M. Smart - J. Brown - J. Tatum - G. Williams,BOS,19,11,8,0.579,167.215,125,284,0.44,43,126,0.341,58,69,0.841,36,118,154,85,60.0,15,20,18,85,69,351,-24.0,1,2,1250,529,4,4,4,576,5,3,390,3,3,333,3,4,4,3,1253,9,1,1253,1253,4,4,1249,501645,Traditional,336,104.5,110.0,-5.5,97.17,104.46428571428572,25.297619047619047,45.83333333333333,4.464285714285714,5.952380952380952,17.857142857142858,10.714285714285714,35.11904761904761,37.202380952380956,84.52380952380952,12.797619047619047,37.5,0.516,0.179,0.294,0.243,30.0,51.0,46.0,136.0,0.556,0.444,0.467,0.368,0.165,0.68,3.51537577374566,-5.638973320811931,-9.284117813667528,-2.0388884025479186
2021-22,A. Horford - M. Smart - J. Brown - J. Tatum - R. Williams III,BOS,13,6,7,0.462,145.7,111,255,0.435,49,105,0.467,50,66,0.758,37,115,152,79,46.0,20,19,13,58,63,321,19.0,10,15,1247,688,5,6,5,582,3,5,301,6,6,398,2,5,5,5,1250,4,2,1248,1249,5,5,17,437100,Traditional,298,107.7,102.0,5.7,97.84,107.71812080536914,26.51006711409396,51.006711409395976,6.7114093959731544,6.375838926174497,15.436241610738255,12.416107382550337,38.59060402684564,37.24832214765101,85.57046979865773,16.44295302013423,35.23489932885906,0.531,0.154,0.289,0.259,46.0,49.0,42.0,108.0,0.588,0.412,0.386,0.458,0.156,0.712,6.0769962340511245,6.6975683784035756,3.052423885547978,0.5227320577575458
2021-22,R. Bullock - D. Powell - D. Finney-Smith - J. Brunson - L. Doncic,DAL,15,7,8,0.467,142.186667,116,234,0.496,42,97,0.433,46,58,0.793,22,108,130,58,35.0,21,5,5,63,57,320,17.0,3,8,1250,686,6,5,6,506,6,6,321,7,7,375,10,6,6,7,1247,3,22,1218,1250,7,6,25,426560,Traditional,278,115.1,109.4,5.7,93.68,115.10791366906474,20.863309352517987,46.76258992805755,7.553956834532374,1.7985611510791366,12.589928057553957,7.913669064748201,38.84892086330935,41.726618705035975,84.17266187050359,15.107913669064748,34.89208633093525,0.585,0.126,0.223,0.248,54.0,32.0,17.0,122.0,0.585,0.415,0.463,0.394,0.144,0.5,6.915208818152241,12.43217912440739,8.787034631551794,1.3609446418586622
2021-22,A. Horford - M. Smart - J. Brown - J. Tatum - D. White,BOS,14,8,6,0.571,124.921667,91,209,0.435,28,89,0.315,54,69,0.783,19,71,90,48,39.0,15,5,10,49,71,264,-10.0,6,5,1244,530,7,10,9,581,10,9,459,4,3,379,11,10,10,13,1248,9,22,1243,1244,3,10,1208,374765,Traditional,259,101.9,109.2,-7.2,97.98,101.93050193050193,18.53281853281853,34.74903474903475,5.7915057915057915,1.9305019305019304,15.057915057915059,7.335907335907336,27.413127413127413,35.13513513513514,80.6949806949807,10.81081081081081,34.36293436293436,0.502,0.151,0.236,0.33,45.0,29.0,23.0,112.0,0.574,0.426,0.477,0.318,0.205,0.527,1.2366850615645557,-17.857146105206493,-21.50229059806209,-4.317579114729023
2021-22,R. Bullock - D. Finney-Smith - M. Kleber - J. Brunson - L. Doncic,DAL,15,7,8,0.467,123.463333,95,215,0.442,45,121,0.372,40,57,0.702,18,64,82,57,26.0,24,5,12,49,57,275,9.0,3,8,1250,686,8,9,8,575,4,4,379,9,8,450,12,13,14,8,1241,1,22,1246,1244,7,9,63,370390,Traditional,248,110.9,107.7,3.2,96.22,110.88709677419355,22.983870967741936,33.064516129032256,9.67741935483871,2.0161290322580645,10.483870967741936,7.258064516129033,25.806451612903224,38.306451612903224,86.69354838709677,18.14516129032258,48.79032258064516,0.547,0.105,0.211,0.265,50.0,29.0,22.0,86.0,0.437,0.563,0.364,0.491,0.145,0.6,5.9933169773269235,0.2063427738873269,-3.4388017189682705,0.43905280103334476
2021-22,P. Tucker - J. Butler - B. Adebayo - G. Vincent - M. Strus,MIA,11,7,4,0.636,122.313333,109,230,0.474,31,94,0.33,32,42,0.762,35,82,117,56,27.0,17,14,8,45,44,281,44.0,13,8,1208,507,9,7,7,520,8,8,457,12,12,394,4,7,7,9,1242,8,6,1238,1243,14,8,2,366940,Traditional,237,118.6,100.0,18.6,93.01,118.56540084388185,23.628691983122362,49.36708860759494,7.172995780590717,5.9071729957805905,11.39240506329114,14.767932489451477,34.59915611814346,45.9915611814346,97.0464135021097,13.080168776371309,39.66244725738397,0.541,0.114,0.339,0.183,59.0,44.0,27.0,126.0,0.591,0.409,0.555,0.331,0.114,0.514,6.182583036785868,11.763289357723819,8.11814486486822,0.6283188604922891
2021-22,K. Lowry - P. Tucker - J. Butler - B. Adebayo - M. Strus,MIA,10,4,6,0.4,115.166667,81,202,0.401,26,83,0.313,32,42,0.762,23,82,105,53,28.0,19,8,11,56,55,220,-1.0,17,38,1244,693,10,11,10,624,13,10,460,12,12,394,9,7,8,10,1243,5,11,1245,1247,9,11,670,345500,Traditional,219,100.5,97.8,2.7,92.74,100.4566210045662,24.200913242009133,47.94520547945205,8.67579908675799,3.65296803652968,12.785388127853881,10.50228310502283,37.44292237442922,36.986301369863014,92.23744292237443,11.87214611872146,37.89954337899543,0.465,0.128,0.242,0.208,34.0,35.0,32.0,102.0,0.589,0.411,0.5,0.355,0.145,0.654,2.9473330016253,0.8086233057593262,-2.836521187096271,-2.606931174668279
2021-22,S. Curry - K. Thompson - D. Green - A. Wiggins - J. Poole,GSW,19,14,5,0.737,104.485,102,194,0.526,29,77,0.377,54,69,0.783,13,74,87,71,23.0,15,16,17,57,51,287,42.0,1,1,1236,440,11,8,11,327,9,11,370,4,3,379,16,9,11,6,1240,9,3,1252,1248,10,7,5,313455,Traditional,233,123.2,109.4,13.8,104.97,123.17596566523605,30.472103004291846,37.33905579399141,6.437768240343347,6.866952789699571,9.871244635193133,5.579399141630901,31.759656652360512,43.776824034334766,83.2618025751073,12.446351931330472,33.047210300429185,0.601,0.099,0.242,0.356,44.0,26.0,42.0,124.0,0.603,0.397,0.509,0.303,0.188,0.696,9.040740861899662,13.0359566832044,9.390812190348804,3.4864766856060836
2021-22,J. Green - W. Barton - A. Gordon - N. Jokic - M. Morris,DEN,5,1,4,0.2,96.305,81,177,0.458,15,59,0.254,38,47,0.809,29,65,94,49,31.0,12,8,13,36,48,215,-31.0,77,262,1208,772,12,11,12,545,21,14,491,10,11,352,6,12,9,12,1245,13,11,1248,1240,12,12,1253,288915,Traditional,195,110.3,126.8,-16.5,96.94,110.25641025641026,25.128205128205128,48.205128205128204,6.153846153846154,4.102564102564102,15.897435897435896,14.871794871794872,33.33333333333333,41.53846153846154,90.76923076923077,7.6923076923076925,30.256410256410255,0.5,0.159,0.384,0.266,24.0,37.0,25.0,110.0,0.667,0.333,0.614,0.209,0.177,0.605,2.7496782171403913,-2.3364094239490756,-5.981553916804673,-2.8045859591531874
2021-22,M. Conley - B. Bogdanovic - R. Gobert - R. O'Neale - D. Mitchell,UTA,6,2,4,0.333,86.933333,56,151,0.371,14,66,0.212,32,40,0.8,18,67,85,32,21.0,6,4,3,37,45,158,-24.0,49,121,1208,708,13,17,13,694,23,12,539,12,14,353,12,11,12,20,1238,32,30,1186,1241,13,17,1249,260800,Traditional,170,92.9,105.8,-12.9,94.42,92.94117647058823,18.823529411764707,50.0,3.5294117647058822,2.3529411764705883,12.352941176470589,10.588235294117647,39.411764705882355,32.94117647058823,88.8235294117647,8.235294117647058,38.82352941176471,0.417,0.124,0.242,0.265,13.0,24.0,15.0,76.0,0.563,0.437,0.532,0.266,0.203,0.571,0.03285575420026454,-10.023051792390056,-13.668196285245653,-5.521408422093314
2021-22,P. Beverley - D. Russell - K. Towns - J. Vanderbilt - A. Edwards,MIN,6,2,4,0.333,84.891667,61,133,0.459,22,52,0.423,43,56,0.768,15,57,72,35,31.0,10,8,10,43,50,187,-9.0,49,121,1208,708,14,15,15,542,15,18,335,8,9,392,14,15,15,18,1245,17,11,1243,1242,11,14,1194,254675,Traditional,171,109.4,113.3,-3.9,97.25,109.35672514619883,20.46783625730994,42.10526315789473,5.847953216374268,4.678362573099415,18.128654970760234,8.771929824561402,33.33333333333333,35.67251461988304,77.77777777777779,12.865497076023392,30.409356725146196,0.541,0.181,0.253,0.421,30.0,22.0,19.0,62.0,0.609,0.391,0.417,0.353,0.23,0.574,4.020752707240302,-2.5785554017277486,-6.223699894583346,-1.533511469053277
2021-22,J. Valanciunas - C. McCollum - B. Ingram - J. Hayes - H. Jones,NOP,6,2,4,0.333,74.866667,66,146,0.452,10,30,0.333,26,30,0.867,25,58,83,38,19.0,6,5,9,28,32,168,-18.0,49,121,1208,708,15,14,14,551,36,28,391,18,20,319,8,14,13,14,1236,32,22,1241,1236,17,15,1242,224600,Traditional,149,112.8,124.0,-11.2,95.85,112.75167785234899,25.503355704697988,55.70469798657718,4.026845637583892,3.3557046979865772,12.751677852348994,16.778523489932887,38.92617449664429,44.29530201342282,97.98657718120806,6.7114093959731544,20.13422818791946,0.486,0.128,0.361,0.205,6.0,35.0,25.0,84.0,0.795,0.205,0.667,0.179,0.155,0.576,2.9563581756012893,-3.1801891979115036,-6.825333690767101,-2.5979060006922894
2021-22,S. Curry - K. Thompson - D. Green - O. Porter Jr. - A. Wiggins,GSW,11,7,4,0.636,71.771667,69,123,0.561,27,63,0.429,26,31,0.839,9,40,49,51,20.0,12,6,3,33,30,191,18.0,13,8,1208,507,16,13,17,283,11,13,322,18,19,334,30,21,21,11,1237,13,18,1186,1237,18,13,21,215315,Traditional,153,124.8,120.1,4.7,99.31,124.83660130718954,33.33333333333333,32.02614379084967,7.8431372549019605,3.9215686274509802,13.071895424836603,5.88235294117647,26.143790849673206,45.09803921568628,80.3921568627451,17.647058823529413,41.17647058823529,0.671,0.131,0.236,0.252,21.0,20.0,18.0,58.0,0.488,0.512,0.44,0.424,0.136,0.739,10.444302635034706,8.311939102802977,4.66679460994738,4.890038458741127
2021-22,R. Bullock - S. Dinwiddie - D. Finney-Smith - M. Kleber - J. Brunson,DAL,11,8,3,0.727,69.805,54,113,0.478,27,59,0.458,30,35,0.857,5,40,45,32,8.0,5,2,5,33,26,165,-10.0,13,5,1154,442,17,18,18,517,11,14,307,15,16,321,60,21,22,20,1194,42,80,1218,1237,19,16,1208,209415,Traditional,132,125.0,130.6,-5.6,91.45,125.0,24.242424242424242,34.090909090909086,3.787878787878788,1.5151515151515151,6.0606060606060606,3.787878787878788,30.303030303030305,40.909090909090914,85.60606060606061,20.454545454545457,44.696969696969695,0.597,0.061,0.167,0.31,15.0,11.0,10.0,46.0,0.478,0.522,0.327,0.491,0.182,0.593,9.607707527333012,5.241985086267704,1.5968405934121064,4.053443351039434
2021-22,D. DeRozan - N. Vucevic - Z. LaVine - A. Caruso - P. Williams,CHI,4,1,3,0.25,69.256667,51,132,0.386,16,53,0.302,19,20,0.95,10,48,58,33,11.0,12,7,9,20,25,137,-29.0,112,262,1154,756,18,20,16,673,20,16,463,26,32,295,26,17,16,19,1219,13,15,1241,1227,20,20,1252,207770,Traditional,144,95.1,115.3,-20.1,99.8,95.13888888888889,22.916666666666664,40.27777777777778,8.333333333333332,4.861111111111112,7.638888888888889,6.944444444444445,33.33333333333333,35.41666666666667,91.66666666666666,11.11111111111111,36.80555555555556,0.447,0.076,0.148,0.152,22.0,6.0,7.0,48.0,0.598,0.402,0.511,0.35,0.139,0.647,2.2905039661015034,-11.191241388100309,-14.836385880955905,-3.2637602101920753
2021-22,R. Bullock - S. Dinwiddie - D. Finney-Smith - M. Kleber - L. Doncic,DAL,14,6,8,0.429,59.146667,52,100,0.52,22,53,0.415,25,30,0.833,8,44,52,24,8.0,3,3,0,17,20,151,30.0,6,15,1250,689,19,19,21,331,15,16,339,20,20,335,32,19,20,22,1194,79,46,1,1219,29,18,7,177440,Traditional,118,128.0,100.8,27.1,96.57,127.96610169491525,20.33898305084746,44.06779661016949,2.5423728813559325,2.5423728813559325,6.779661016949152,6.779661016949152,37.28813559322034,44.06779661016949,84.7457627118644,18.64406779661017,44.91525423728814,0.63,0.068,0.192,0.3,13.0,11.0,10.0,56.0,0.47,0.53,0.397,0.437,0.166,0.462,10.444293851874388,18.023830484325767,14.37868599147017,4.890029675580809
2021-22,A. Horford - M. Smart - J. Brown - J. Tatum - D. Theis,BOS,6,4,2,0.667,55.783333,44,94,0.468,15,39,0.385,30,34,0.882,11,30,41,36,17.0,13,5,6,25,39,133,2.0,49,38,1002,447,20,23,23,527,21,22,367,15,17,311,19,30,26,16,1235,12,22,1227,1234,15,22,285,167350,Traditional,116,114.7,111.0,3.6,100.68,114.65517241379311,31.03448275862069,35.3448275862069,11.206896551724139,4.310344827586207,14.655172413793101,9.482758620689655,25.862068965517242,37.93103448275862,81.03448275862068,12.931034482758621,33.62068965517241,0.548,0.147,0.275,0.362,34.0,10.0,26.0,46.0,0.585,0.415,0.436,0.338,0.226,0.818,6.6145430428908965,1.8884245574875211,-1.7567199353680762,1.0602788665973177
2021-22,C. Paul - J. Crowder - M. Bridges - D. Ayton - C. Johnson,PHX,6,4,2,0.667,55.313333,58,98,0.592,9,29,0.31,10,15,0.667,6,35,41,37,7.0,7,2,1,21,23,135,7.0,49,38,1002,447,21,16,22,256,42,32,461,54,44,456,44,23,26,15,1183,27,80,866,1230,25,21,95,165940,Traditional,106,127.4,115.3,12.0,94.15,127.35849056603774,34.90566037735849,38.67924528301887,6.60377358490566,1.8867924528301887,6.60377358490566,5.660377358490567,33.0188679245283,54.71698113207547,92.45283018867924,8.49056603773585,27.358490566037734,0.638,0.066,0.143,0.153,19.0,10.0,10.0,68.0,0.704,0.296,0.726,0.2,0.074,0.638,8.681821840289023,9.537004400124296,5.891859907268699,3.1275576639954448
2021-22,B. Lopez - J. Holiday - W. Matthews - G. Antetokounmpo - G. Allen,MIL,8,4,4,0.5,54.996667,46,103,0.447,9,35,0.257,17,20,0.85,11,46,57,21,10.0,5,4,6,15,25,118,3.0,28,38,1208,537,22,22,20,561,42,24,490,29,32,331,19,18,17,29,1209,42,30,1227,1211,20,24,223,164990,Traditional,113,104.4,97.5,7.0,100.81,104.42477876106196,18.58407079646018,50.442477876106196,4.424778761061947,3.5398230088495577,8.849557522123893,9.734513274336283,40.707964601769916,40.707964601769916,91.1504424778761,7.964601769911504,30.973451327433626,0.49,0.088,0.241,0.194,19.0,15.0,11.0,58.0,0.66,0.34,0.627,0.229,0.144,0.457,2.7700006545884786,0.1753519201451983,-3.469792572710399,-2.7842635217051
2021-22,K. Durant - K. Irving - A. Drummond - S. Curry - B. Brown,BKN,4,0,4,0.0,51.45,38,79,0.481,10,24,0.417,19,21,0.905,11,29,40,22,28.0,11,7,5,35,24,105,-20.0,112,776,1208,776,23,26,27,514,36,43,337,26,30,304,19,32,29,26,1243,16,15,1218,1239,23,26,1245,154350,Traditional,104,101.0,119.0,-18.1,97.49,100.96153846153845,21.153846153846153,38.46153846153847,10.576923076923077,6.730769230769231,26.923076923076923,10.576923076923077,27.884615384615387,36.53846153846153,75.96153846153845,9.615384615384617,23.076923076923077,0.544,0.269,0.405,0.266,12.0,18.0,16.0,32.0,0.696,0.304,0.533,0.286,0.181,0.579,0.7700869690407757,-13.51143555644708,-17.156580049302676,-4.784177207252803
2021-22,B. Lopez - J. Holiday - W. Matthews - G. Antetokounmpo - B. Portis,MIL,6,5,1,0.833,49.86,41,86,0.477,14,33,0.424,11,20,0.55,7,50,57,18,21.0,10,5,6,16,21,107,11.0,49,27,410,412,24,24,24,518,23,25,333,50,32,506,38,16,17,33,1238,17,22,1227,1214,28,25,47,149580,Traditional,110,97.3,88.1,9.2,105.42,97.27272727272728,16.363636363636363,51.81818181818182,9.090909090909092,4.545454545454546,19.090909090909093,6.363636363636363,45.45454545454545,37.27272727272727,78.18181818181819,12.727272727272727,30.0,0.558,0.191,0.184,0.233,24.0,7.0,25.0,38.0,0.616,0.384,0.505,0.393,0.103,0.439,2.9095518394117206,9.750131617367845,6.104987124512248,-2.644712336881858
2021-22,S. Adams - T. Jones - D. Brooks - J. Jackson Jr. - D. Bane,MEM,3,1,2,0.333,49.601667,50,106,0.472,25,47,0.532,17,24,0.708,13,41,54,36,6.0,10,9,7,9,24,142,43.0,167,262,1002,708,25,21,19,523,14,19,176,29,26,448,16,20,19,16,1168,17,9,1234,1161,23,19,3,148805,Traditional,107,132.7,94.3,38.4,102.58,132.71028037383178,33.64485981308411,50.467289719626166,9.345794392523365,8.411214953271028,5.607476635514018,12.149532710280374,38.31775700934579,46.728971962616825,99.06542056074767,23.364485981308412,43.925233644859816,0.59,0.056,0.31,0.226,21.0,22.0,22.0,46.0,0.557,0.443,0.352,0.528,0.12,0.72,13.651361766834958,37.98549505540987,34.34035056255427,8.09709759054138
2020-21,C. Paul - J. Crowder - D. Booker - M. Bridges - D. Ayton,PHX,20,12,8,0.6,386.395,345,698,0.494,81,234,0.346,119,139,0.856,60,280,340,187,90.0,57,26,25,140,140,890,70.0,1,3,1287,502,1,1,1,522,1,1,412,1,1,365,1,1,1,1,1287,1,1,1287,1287,1,1,2,1159185,Traditional,784,113.5,104.9,8.7,97.27,113.5204081632653,23.852040816326532,43.36734693877551,7.270408163265306,3.316326530612245,11.479591836734695,7.653061224489796,35.714285714285715,44.005102040816325,89.03061224489795,10.331632653061225,29.846938775510207,0.552,0.115,0.216,0.199,143.0,84.0,73.0,358.0,0.665,0.335,0.593,0.273,0.134,0.542,3.8473480739240853,2.942946319582339,-5.893692625766025,-2.5375180989120003
2020-21,P. Tucker - B. Lopez - J. Holiday - K. Middleton - G. Antetokounmpo,MIL,20,13,7,0.65,258.863333,231,488,0.473,49,172,0.285,61,83,0.735,51,207,258,109,57.0,46,23,13,81,95,572,54.0,1,1,1283,495,2,2,2,535,3,2,508,2,2,454,2,2,2,2,1286,2,2,1284,1286,2,2,3,776590,Traditional,534,107.1,96.5,10.7,99.3,107.11610486891385,20.411985018726593,48.31460674157304,8.614232209737828,4.307116104868914,10.674157303370785,9.550561797752808,38.764044943820224,43.258426966292134,91.38576779026218,9.176029962546817,32.20973782771536,0.524,0.107,0.244,0.17,88.0,71.0,97.0,300.0,0.648,0.352,0.636,0.257,0.107,0.472,2.929699630925446,7.935935555266791,-0.9007033900815724,-3.4551665419106397
2020-21,C. Capela - B. Bogdanovic - J. Collins - K. Huerter - T. Young,ATL,14,7,7,0.5,155.956667,137,296,0.463,31,107,0.29,46,59,0.78,34,104,138,69,44.0,30,9,17,57,73,351,-9.0,6,11,1283,522,3,3,3,546,9,5,497,4,5,405,4,3,3,6,1284,3,9,1286,1284,3,4,1227,467870,Traditional,331,106.0,109.1,-3.0,101.72,106.04229607250755,20.84592145015106,41.69184290030212,9.06344410876133,2.719033232628399,13.293051359516618,10.27190332326284,31.419939577039273,41.389728096676734,89.42598187311178,9.365558912386707,32.3262839879154,0.515,0.133,0.25,0.199,49.0,36.0,46.0,160.0,0.639,0.361,0.604,0.265,0.131,0.504,1.3582272691897104,-5.320147477245894,-14.156786422594259,-5.026638903646376
2020-21,A. Rivers - A. Gordon - N. Jokic - M. Porter Jr. - F. Campazzo,DEN,9,4,5,0.444,150.211667,128,284,0.451,52,127,0.409,31,43,0.721,39,97,136,77,44.0,19,9,13,73,56,339,-40.0,21,40,1274,674,4,5,4,571,2,3,352,11,9,459,3,4,4,3,1284,7,9,1284,1285,5,5,1286,450635,Traditional,306,110.8,122.7,-11.9,98.26,110.78431372549021,25.163398692810457,44.44444444444444,6.209150326797386,2.941176470588235,14.37908496732026,12.745098039215685,31.699346405228756,41.830065359477125,92.81045751633987,16.99346405228758,41.50326797385621,0.542,0.144,0.278,0.151,25.0,49.0,14.0,128.0,0.553,0.447,0.448,0.46,0.091,0.602,5.2048090821817805,-4.557158390157702,-13.393797335506065,-1.180057090654305
2020-21,N. Batum - P. George - M. Morris Sr. - K. Leonard - R. Jackson,LAC,11,6,5,0.545,147.395,125,252,0.496,49,120,0.408,57,65,0.877,25,94,119,75,33.0,25,11,5,52,62,356,19.0,11,18,1274,521,5,6,5,521,3,4,353,3,4,346,5,5,5,5,1283,5,5,1262,1282,4,3,20,442185,Traditional,295,120.7,114.6,6.1,95.91,120.67796610169492,25.423728813559322,40.33898305084746,8.47457627118644,3.728813559322034,11.186440677966102,8.47457627118644,31.864406779661014,42.3728813559322,85.42372881355932,16.610169491525422,40.67796610169492,0.593,0.112,0.198,0.258,43.0,36.0,34.0,102.0,0.524,0.476,0.427,0.413,0.16,0.6,7.581735938811123,10.759234029514785,1.9225950841664208,1.1968697659750376
2020-21,D. Lillard - C. McCollum - R. Covington - J. Nurkic - N. Powell,POR,6,2,4,0.333,111.855,103,199,0.518,30,73,0.411,46,57,0.807,19,80,99,63,25.0,18,17,11,45,46,282,47.0,49,115,1250,685,6,7,7,338,10,9,351,4,7,392,8,7,6,7,1280,8,3,1283,1280,8,7,5,335565,Traditional,226,124.8,103.1,21.7,97.41,124.7787610619469,27.876106194690266,43.80530973451327,7.964601769911504,7.52212389380531,11.061946902654867,8.4070796460177,35.39823008849557,45.57522123893805,88.05309734513274,13.274336283185843,32.30088495575221,0.593,0.111,0.228,0.286,43.0,23.0,35.0,126.0,0.633,0.367,0.518,0.319,0.163,0.612,7.784514405578284,18.300452371996272,9.463813426647908,1.399648232742198
2020-21,D. Green - T. Harris - S. Curry - J. Embiid - B. Simmons,PHI,7,5,2,0.714,109.195,131,209,0.627,33,76,0.434,37,48,0.771,16,78,94,77,22.0,26,11,3,38,45,332,94.0,36,29,1041,439,7,4,6,210,7,7,332,8,8,408,13,9,8,3,1277,4,5,1215,1276,9,6,1,327585,Traditional,233,142.5,103.5,39.0,101.76,142.4892703862661,33.047210300429185,40.343347639484975,11.158798283261802,4.721030042918455,9.44206008583691,6.866952789699571,33.47639484978541,56.22317596566524,89.69957081545064,14.163090128755366,32.61802575107296,0.706,0.094,0.282,0.23,47.0,27.0,42.0,150.0,0.636,0.364,0.59,0.298,0.111,0.588,12.527972351767168,37.25257876054872,28.41593981520036,6.143106178931083
2020-21,J. Crowder - D. Booker - C. Payne - M. Bridges - D. Ayton,PHX,18,13,5,0.722,103.483333,91,168,0.542,25,56,0.446,34,41,0.829,13,76,89,58,29.0,18,9,8,54,37,241,21.0,3,1,1274,438,8,8,11,320,13,14,325,9,10,386,16,10,10,8,1282,8,9,1278,1283,10,10,15,310450,Traditional,211,114.2,103.8,10.4,98.1,114.21800947867298,27.488151658767773,42.18009478672986,8.530805687203792,4.265402843601896,13.744075829383887,6.161137440758294,36.018957345971565,43.127962085308056,79.62085308056872,11.848341232227488,26.540284360189574,0.616,0.137,0.198,0.244,47.0,19.0,28.0,110.0,0.667,0.333,0.548,0.311,0.141,0.637,5.703362548913093,8.20867398945089,-0.6279649558974736,-0.6815036239229926
2020-21,B. Bogdanovic - R. Gobert - J. Ingles - R. O'Neale - D. Mitchell,UTA,10,6,4,0.6,102.25,82,173,0.474,36,90,0.4,45,59,0.763,12,81,93,36,27.0,15,8,10,46,50,245,28.0,13,18,1250,502,9,11,10,533,5,6,355,6,5,411,19,6,9,15,1281,10,14,1280,1281,7,9,9,306750,Traditional,213,115.0,102.4,12.7,99.76,115.02347417840375,16.901408450704224,43.66197183098591,7.042253521126761,3.755868544600939,12.676056338028168,5.633802816901409,38.028169014084504,38.497652582159624,81.2206572769953,16.901408450704224,42.25352112676056,0.578,0.127,0.232,0.341,36.0,20.0,23.0,82.0,0.48,0.52,0.376,0.441,0.184,0.439,6.47273679944451,17.112711082247873,8.27607213689951,0.08787062660842437
2020-21,P. Tucker - J. Holiday - K. Middleton - G. Antetokounmpo - P. Connaughton,MIL,15,9,6,0.6,99.821667,89,179,0.497,28,75,0.373,41,68,0.603,24,63,87,48,20.0,20,10,4,43,55,247,34.0,5,6,1281,502,10,10,8,520,11,8,397,7,3,517,6,12,11,11,1274,6,7,1245,1279,6,8,7,299465,Traditional,206,119.9,101.9,18.0,99.78,119.90291262135922,23.300970873786408,42.23300970873786,9.70873786407767,4.854368932038835,9.70873786407767,11.650485436893204,30.582524271844658,43.203883495145625,86.89320388349515,13.592233009708737,36.407766990291265,0.575,0.097,0.284,0.38,37.0,27.0,39.0,96.0,0.581,0.419,0.494,0.34,0.166,0.539,6.85637064722778,16.18192680419544,7.345287858847078,0.4715044743916943
2020-21,C. Capela - B. Bogdanovic - J. Collins - T. Young - D. Hunter,ATL,5,4,1,0.8,98.401667,91,179,0.508,19,58,0.328,20,28,0.714,19,80,99,50,23.0,14,9,6,27,37,221,29.0,71,40,407,412,11,8,8,344,18,13,480,22,19,460,8,7,6,9,1278,11,9,1268,1274,10,11,8,295205,Traditional,194,113.9,98.0,16.0,95.12,113.91752577319588,25.773195876288657,51.03092783505154,7.216494845360824,4.639175257731959,11.855670103092782,9.793814432989691,41.23711340206185,46.90721649484536,92.26804123711341,9.793814432989691,29.896907216494846,0.561,0.119,0.244,0.156,35.0,24.0,18.0,116.0,0.676,0.324,0.652,0.258,0.09,0.549,4.965466753554565,12.956502835468314,4.11986389011995,-1.419399419281521
2020-21,T. Harris - S. Curry - J. Embiid - B. Simmons - F. Korkmaz,PHI,6,3,3,0.5,84.015,77,146,0.527,22,47,0.468,27,41,0.659,9,71,80,49,24.0,10,12,2,39,29,203,25.0,49,62,1192,522,12,12,13,331,16,17,322,12,10,509,33,11,12,10,1279,17,4,1135,1277,15,12,11,252045,Traditional,180,112.8,100.6,12.2,101.98,112.77777777777777,27.22222222222222,44.44444444444444,5.555555555555555,6.666666666666667,13.333333333333334,5.0,39.44444444444444,42.77777777777778,81.11111111111111,12.222222222222221,26.111111111111114,0.603,0.133,0.167,0.281,18.0,10.0,43.0,86.0,0.678,0.322,0.542,0.325,0.133,0.636,5.696749502088995,8.325625959273475,-0.5110129860748884,-0.6881166707470907
2020-21,D. Rose - T. Gibson - R. Bullock - J. Randle - R. Barrett,NYK,5,1,4,0.2,77.911667,57,149,0.383,24,56,0.429,16,20,0.8,22,52,74,30,20.0,12,4,10,25,23,154,-26.0,71,248,1250,745,13,17,12,699,14,14,333,27,30,393,7,13,13,19,1274,12,29,1280,1272,20,17,1283,233735,Traditional,157,98.1,113.2,-15.1,97.34,98.08917197452229,19.10828025477707,47.13375796178344,7.643312101910828,2.547770700636943,12.738853503184714,14.012738853503185,33.12101910828025,36.30573248407643,94.90445859872611,15.286624203821656,35.6687898089172,0.463,0.127,0.28,0.134,15.0,32.0,10.0,52.0,0.624,0.376,0.429,0.468,0.104,0.526,1.9660167424315524,-13.511357019040371,-22.347995964388737,-4.418849430404533
2020-21,T. Hardaway Jr. - K. Porzingis - D. Finney-Smith - M. Kleber - L. Doncic,DAL,6,3,3,0.5,76.601667,68,132,0.515,32,64,0.5,23,38,0.605,11,43,54,37,21.0,7,5,10,40,33,191,14.0,49,62,1192,522,14,14,15,340,8,10,185,15,12,516,21,17,19,14,1276,22,20,1280,1278,12,14,27,229805,Traditional,152,125.7,115.7,10.0,95.56,125.6578947368421,24.342105263157894,35.526315789473685,4.605263157894736,3.289473684210526,13.815789473684212,7.236842105263158,28.289473684210524,44.73684210526316,86.8421052631579,21.052631578947366,42.10526315789473,0.636,0.138,0.275,0.288,20.0,25.0,7.0,50.0,0.515,0.485,0.377,0.503,0.12,0.544,8.686901042201656,4.290592038320291,-4.546046907028073,2.3020348693655706
2020-21,M. Conley - B. Bogdanovic - R. Gobert - R. O'Neale - D. Mitchell,UTA,5,4,1,0.8,70.021667,70,133,0.526,36,64,0.563,21,29,0.724,18,34,52,39,16.0,10,5,6,20,32,197,21.0,71,40,407,412,15,13,14,332,5,10,174,18,15,458,11,24,22,13,1270,17,20,1268,1265,13,13,15,210065,Traditional,142,138.7,129.4,9.3,95.28,138.73239436619718,27.464788732394368,36.61971830985916,7.042253521126761,3.5211267605633805,11.267605633802818,12.676056338028168,23.943661971830984,49.29577464788733,93.66197183098592,25.352112676056336,45.07042253521127,0.662,0.113,0.358,0.218,13.0,31.0,4.0,62.0,0.519,0.481,0.345,0.548,0.107,0.557,12.522169474393234,12.604695330122881,3.7680563847745177,6.137303301557148
2020-21,K. Durant - B. Griffin - J. Harden - K. Irving - J. Harris,BKN,6,5,1,0.833,64.25,64,114,0.561,23,52,0.442,34,35,0.971,11,50,61,41,17.0,12,9,6,30,29,185,49.0,49,29,407,411,16,15,17,295,15,16,331,9,13,329,21,14,14,12,1271,12,9,1268,1275,15,15,4,192750,Traditional,137,135.0,100.7,34.3,101.6,135.03649635036496,29.927007299270077,44.52554744525548,8.75912408759124,6.569343065693431,12.408759124087592,8.02919708029197,36.496350364963504,46.715328467153284,83.21167883211679,16.78832116788321,37.95620437956204,0.662,0.124,0.26,0.307,35.0,15.0,24.0,68.0,0.544,0.456,0.443,0.373,0.184,0.641,11.499903148614678,32.35133936269827,23.514700417349907,5.115036975778592
2020-21,K. Durant - B. Griffin - K. Irving - J. Harris - B. Brown,BKN,7,5,2,0.714,63.556667,48,113,0.425,17,47,0.362,21,23,0.913,11,50,61,27,17.0,6,10,6,21,20,134,-16.0,36,29,1041,439,17,21,18,619,20,17,406,18,24,337,21,14,14,20,1271,27,7,1268,1268,24,21,1273,190670,Traditional,136,98.5,112.8,-14.3,101.58,98.52941176470588,19.852941176470587,44.85294117647059,4.411764705882353,7.352941176470589,12.5,8.088235294117647,36.76470588235294,35.294117647058826,83.08823529411765,12.5,34.55882352941176,0.5,0.125,0.162,0.204,8.0,15.0,4.0,38.0,0.584,0.416,0.463,0.381,0.157,0.563,1.9185564010389546,-9.543601911914259,-18.38024085726262,-4.466309771797131
2020-21,J. Valanciunas - K. Anderson - D. Brooks - J. Jackson Jr. - J. Morant,MEM,5,1,4,0.2,63.45,64,124,0.516,8,28,0.286,22,29,0.759,17,37,54,36,15.0,9,5,7,22,28,158,-25.0,71,248,1250,745,18,15,16,339,44,32,498,16,15,413,12,22,19,15,1268,19,20,1275,1269,17,16,1282,190350,Traditional,132,119.7,138.6,-18.9,99.86,119.6969696969697,27.27272727272727,40.909090909090914,6.8181818181818175,3.787878787878788,11.363636363636363,12.878787878787879,28.030303030303028,48.484848484848484,93.93939393939394,6.0606060606060606,21.21212121212121,0.548,0.114,0.317,0.234,19.0,24.0,14.0,96.0,0.774,0.226,0.709,0.152,0.139,0.563,2.680995815211116,-5.6810154087132245,-14.517654354061587,-3.7038703576249694
2020-21,D. Favors - B. Bogdanovic - J. Clarkson - R. O'Neale - D. Mitchell,UTA,9,6,3,0.667,61.985,52,112,0.464,26,63,0.413,24,29,0.828,14,41,55,25,17.0,5,4,1,26,26,154,4.0,21,18,1192,447,19,19,20,543,12,12,348,13,15,387,15,19,17,21,1271,37,29,923,1273,18,17,172,185955,Traditional,129,119.4,113.6,5.7,101.06,119.3798449612403,19.379844961240313,42.63565891472868,3.875968992248062,3.10077519379845,13.178294573643413,10.852713178294573,31.782945736434108,40.310077519379846,86.82170542635659,20.155038759689923,48.837209302325576,0.58,0.132,0.267,0.259,21.0,20.0,8.0,44.0,0.438,0.563,0.338,0.506,0.156,0.481,7.394354163523928,3.6100507477104586,-5.226588197637906,1.009487990687842
2020-21,T. Hardaway Jr. - K. Porzingis - B. Marjanovic - D. Finney-Smith - L. Doncic,DAL,3,1,2,0.333,57.35,54,113,0.478,17,42,0.405,21,25,0.84,19,42,61,33,13.0,6,2,3,18,24,146,3.0,158,248,1041,685,20,18,18,530,20,19,354,18,23,369,8,18,14,17,1262,27,68,1215,1260,19,19,215,172050,Traditional,117,124.8,124.3,0.4,97.09,124.78632478632478,28.205128205128204,52.13675213675214,5.128205128205128,1.7094017094017095,11.11111111111111,16.23931623931624,35.8974358974359,46.15384615384615,96.58119658119658,14.529914529914532,35.8974358974359,0.553,0.111,0.371,0.221,16.0,17.0,7.0,66.0,0.628,0.372,0.507,0.349,0.144,0.611,7.76938886994334,11.112037260156955,2.275398314808591,1.3845226971072542
2020-21,J. Crowder - D. Booker - C. Payne - D. Ayton - C. Johnson,PHX,18,11,7,0.611,55.01,46,102,0.451,18,37,0.486,15,15,1.0,11,44,55,22,10.0,4,5,6,20,21,125,9.0,3,4,1283,501,21,23,21,570,19,20,319,31,36,1,21,16,17,24,1252,51,20,1268,1265,22,23,56,165030,Traditional,110,113.6,104.5,9.1,96.42,113.63636363636364,20.0,50.0,3.6363636363636362,4.545454545454546,9.090909090909092,10.0,40.0,41.81818181818181,92.72727272727272,16.363636363636363,33.63636363636363,0.539,0.091,0.224,0.147,10.0,20.0,7.0,50.0,0.637,0.363,0.448,0.432,0.12,0.478,6.213433720785544,2.39931385567931,-6.437325089669054,-0.17143245205054125
2020-21,B. Lopez - J. Holiday - K. Middleton - G. Antetokounmpo - P. Connaughton,MIL,13,11,2,0.846,52.553333,40,89,0.449,8,30,0.267,19,26,0.731,13,40,53,22,11.0,5,7,5,11,32,107,4.0,8,4,1041,410,22,26,23,575,44,30,513,23,20,457,16,20,21,24,1257,37,15,1262,1230,13,25,172,157660,Traditional,107,100.0,100.0,0.0,95.9,100.0,20.5607476635514,49.532710280373834,4.672897196261682,6.5420560747663545,10.2803738317757,12.149532710280374,37.38317757009346,37.38317757009346,83.17757009345794,7.476635514018691,28.037383177570092,0.494,0.103,0.269,0.292,15.0,16.0,9.0,58.0,0.663,0.337,0.598,0.224,0.178,0.55,1.2038331999924066,-2.8285837988192446,-11.665222744167608,-5.1810329728436795
2020-21,N. Batum - P. George - M. Morris Sr. - R. Jackson - T. Mann,LAC,6,4,2,0.667,49.481667,51,81,0.63,20,36,0.556,24,26,0.923,2,33,35,23,8.0,11,5,1,18,21,146,22.0,49,40,1041,447,23,20,24,209,17,21,175,13,20,332,171,26,34,23,1239,16,20,923,1260,22,19,14,148445,Traditional,100,146.0,125.3,20.7,96.52,146.0,23.0,35.0,11.0,5.0,8.0,2.0,33.0,51.0,81.0,20.0,36.0,0.753,0.08,0.133,0.321,18.0,4.0,14.0,48.0,0.556,0.444,0.425,0.411,0.164,0.451,14.067376393487022,38.33994344666998,29.503304501321615,7.682510220650936
