season,team,n_players,degree_centralization,edge_concentration_top5,edge_concentration_top10,modularity_Q,community_size_cv,minutes_gini,minutes_top1_share,minutes_top2_share,minutes_top3_share,minutes_assortativity,total_player_minutes,team_off_ppp,team_def_ppp,team_net_rating
2020-2021,ATL,9,0.22624845638658803,0.36976268204887036,0.5808310030508376,0.036369957888795254,0.5555555554320988,0.3127419560338322,0.19484872541236659,0.3868748346123313,0.5549969127635177,-0.030519991771686336,11337.0,121.97554232241599,109.57643555933643,12.399106763079558
2020-2021,BKN,7,0.1959448987649072,0.38316195240938583,0.6548665542148744,-2.220446049250313e-16,0.0,0.18255133673635868,0.20362212432697008,0.39092837330722785,0.5584924131179637,-0.12931844287228328,6129.0,116.16666666666667,116.27988782051281,-0.11322115384614051
2020-2021,BOS,6,0.13354890473592934,0.40493357832927035,0.73459152822077,2.220446049250313e-16,0.0,0.10698878343399487,0.20944779982743744,0.4188955996548749,0.5839085418464194,-0.07449410309702663,4636.0,121.12028836251288,120.50308959835222,0.617198764160662
2020-2021,CHA,8,0.168593394114291,0.3054455831998737,0.5310962598201528,0.024573859826514433,0.499999999875,0.21165267253737463,0.2091951669055908,0.3724144992832275,0.5356338316608642,0.18210416116989414,9766.0,110.70264317180617,114.56666666666665,-3.8640234948604757
2020-2021,CHA,5,0.0,0.49999999995,0.9999999999,0.0,0.0,0.0,0.2,0.4,0.6000000000000001,1.0,2645.0,99.4,111.7,-12.299999999999997
2020-2021,CHI,9,0.1574175239124354,0.28025401754098145,0.4921977107021977,0.09203724951808856,0.33333333325925923,0.23820539782684896,0.2132492113564669,0.37791798107255525,0.5389274447949528,-0.023334129353874893,7925.0,106.44810650887575,114.8133727810651,-8.365266272189345
2020-2021,CLE,9,0.18860711615954726,0.3184245389894073,0.5159854142636209,0.08333505433253555,0.33333333325925923,0.26971209917312067,0.20651020167472578,0.3794079490505956,0.5396862837598774,-0.025963443837719872,8479.0,105.78229583095376,111.8615648201028,-6.079268989149043
2020-2021,DAL,8,0.20053719669746572,0.3556678627524943,0.6263174996880249,0.05452231316685628,0.2499999999375,0.25461409395973156,0.18959731543624161,0.37906556530717606,0.5565307176045431,0.16665996835653624,7748.0,124.35091482649841,114.74712933753942,9.60378548895899
2020-2021,DAL,5,0.0,0.49999999995,0.9999999999,0.0,0.0,0.0,0.2,0.4,0.6000000000000001,1.0,2925.0,122.9,111.7,11.200000000000003
2020-2021,DEN,9,0.20037892880457184,0.32653634516868313,0.5856051574896319,0.08021264760967214,0.11111111108641974,0.2820771132887627,0.20716182800622768,0.36963091858228775,0.5310925908966022,-0.03908987669071561,10919.0,124.49434129089299,116.29849690539346,8.195844385499527
2020-2021,DEN,5,0.0,0.49999999995,0.9999999999,0.0,0.0,0.0,0.2,0.4,0.6000000000000001,1.0,2440.0,125.6,115.9,9.699999999999989
2020-2021,DET,7,0.1984229834693985,0.38954818739817604,0.6734301263522444,0.0297055457963164,0.14285714281632653,0.17409565810888847,0.20176405733186328,0.40352811466372657,0.5619257625872841,-0.09762351897600123,5442.0,110.63674121405752,113.5379392971246,-2.9011980830670723
2020-2021,GSW,8,0.24320903789576706,0.38281312614012536,0.617484804821057,0.0048295192758937636,0.2499999999375,0.2708178955168581,0.21100407558354947,0.4036680251945165,0.5963319748054835,-0.11129765226827422,10796.0,110.10487269534678,108.5233538191396,1.5815188762071841
2020-2021,GSW,7,0.20000000000000007,0.45454545450413225,0.686776859441698,0.0811994262686976,0.4285714284489796,0.17392207792207795,0.2,0.4,0.6000000000000001,-0.06816205760779268,5500.0,107.46490909090909,109.10527272727272,-1.640363636363631
2020-2021,HOU,5,0.11016995603081485,0.5880733704668966,0.999999999849484,0.0,0.0,0.11855203619909496,0.24773755656108598,0.4935897435897436,0.6979638009049773,-0.01476657717890067,2652.0,114.19882659713168,117.30156453715776,-3.102737940026074
2020-2021,IND,11,0.1838588774022538,0.3034589655971939,0.4950557383939592,0.16261286788096296,0.12856486927158187,0.3579635340929066,0.1882580418351204,0.35515907892423976,0.5209175602039022,0.23141182608930516,11378.0,109.34162046908315,112.01296375266526,-2.671343283582104
2020-2021,IND,5,0.0,0.49999999995,0.9999999999,0.0,0.0,0.0,0.2,0.4,0.6000000000000001,1.0,2470.0,113.6,108.2,5.3999999999999915
2020-2021,LAC,8,0.1289647056690866,0.3512561698936715,0.6062789523422891,0.16862009998567823,0.2499999999375,0.15343193566915558,0.2063469270534176,0.38095921883974726,0.49554853532452614,-0.11507722619489419,6964.0,121.62477383437718,107.55066109951287,14.074112734864315
2020-2021,LAC,5,0.0,0.49999999995,0.9999999999,0.0,0.0,0.0,0.2,0.4,0.6000000000000001,1.0,2660.0,119.5,102.6,16.900000000000006
2020-2021,LAL,9,0.15730237195202917,0.289916725157718,0.5115418084679033,0.14452081888700824,0.11111111108641974,0.2244753202319856,0.16885717862060334,0.3251971460758543,0.4754036800600826,0.18050272457129782,7989.0,110.3075801749271,105.77434402332362,4.533236151603475
2020-2021,LAL,5,0.0,0.49999999995,0.9999999999,0.0,0.0,0.0,0.2,0.4,0.6000000000000001,1.0,2920.0,117.1,104.3,12.799999999999997
2020-2021,MEM,7,0.23895695819121185,0.4845795335101749,0.7861297089449929,0.01958457054549287,0.4285714284489796,0.24817041110684798,0.21028548691932755,0.4072416194170894,0.6036009151497066,0.013228308068579771,10053.0,115.01750236518446,107.41589403973511,7.601608325449348
2020-2021,MEM,6,0.19999999999999998,0.4999999999500001,0.8704186684098697,-2.220446049250313e-16,0.0,0.1450697780828185,0.2,0.4,0.6000000000000001,-0.17289656128073996,7285.0,117.12958133150308,107.69574468085108,9.433836650651998
2020-2021,MIA,8,0.21416580041129518,0.3810755990400841,0.6299189360686852,0.0772462117612108,0.499999999875,0.27168413994879925,0.2151651834694624,0.416554918932098,0.597586248933317,0.09569431143450091,8203.0,114.94793201133145,107.10878186968839,7.83915014164306
2020-2021,MIL,7,0.22894793589117518,0.4367617338707596,0.8046761134658023,0.015479707779990576,0.4285714284489796,0.23204061011403546,0.20006736274840015,0.39996631862579995,0.5823509599191647,0.04572616490147485,11876.0,119.74301856335755,108.26658595641645,11.476432606941103
2020-2021,MIL,5,0.0,0.49999999995,0.9999999999,0.0,0.0,0.0,0.2,0.4,0.6000000000000001,1.0,5705.0,118.5,108.2,10.299999999999997
2020-2021,MIN,9,0.19995759221003198,0.32035410592553903,0.5213449484217176,0.01724573601846307,0.33333333325925923,0.23280864519267525,0.17356405712498696,0.3440008339414156,0.5071406233712081,-0.03400673125624852,9593.0,112.54950634696756,110.32082745651152,2.228678890456038
2020-2021,NOP,11,0.1602257562142744,0.29908611494170184,0.5592240866899656,0.27413833196382886,0.09090909089256198,0.3828194593101543,0.18017470565894417,0.3589061906570452,0.5199392328142802,0.5524779749221431,13165.0,118.47743589743588,113.48575091575091,4.991684981684969
2020-2021,NOP,5,0.0,0.49999999995,0.9999999999,0.0,0.0,0.0,0.2,0.4,0.6000000000000001,1.0,6300.0,117.5,114.7,2.799999999999997
2020-2021,NYK,10,0.16872261636506744,0.30167610291637437,0.5296877379245615,0.27305012807005047,0.19999999996,0.3212719799040878,0.1896551724137931,0.3728591002511989,0.5336263987211691,0.369345483078943,17516.0,111.09991606043648,107.99278119753777,3.107134862898718
2020-2021,NYK,6,0.19999999999999998,0.4999999999499999,0.8348837208467441,2.220446049250313e-16,0.0,0.1391472868217054,0.2,0.4,0.6000000000000001,-0.24056493005468152,9460.0,108.06627906976743,110.19593023255814,-2.129651162790708
2020-2021,OKC,9,0.1943966207626206,0.3043235351397949,0.5241360702153952,0.13993346689171754,0.11111111108641974,0.2177998894416806,0.1751954513148543,0.3503909026297086,0.4977493484956172,0.019837391279576073,8442.0,99.92462039045553,115.27066160520607,-15.346041214750542
2020-2021,ORL,8,0.13809895564461783,0.3734459780077155,0.6362213721630342,0.2078501514303133,0.0,0.16256157635467983,0.18527640941434048,0.3631636562671046,0.49644225506294476,-0.0157649863103026,3654.0,104.99833518312985,112.38435072142063,-7.386015538290778
2020-2021,PHI,10,0.11394242784821297,0.2932776371807579,0.5432913706790253,0.3742733059328105,0.0,0.3286015672091621,0.18301687763713081,0.34561482820976497,0.5064044605183846,0.7244136550870147,13272.0,116.25844107868488,106.43808644255634,9.820354636128542
2020-2021,PHI,5,0.0,0.49999999995,0.9999999999,0.0,0.0,0.0,0.2,0.4,0.6000000000000001,1.0,6745.0,120.1,104.1,16.0
2020-2021,PHX,8,0.25876203620875265,0.44916417562633426,0.7911793423415482,0.012221526254527404,0.499999999875,0.32008530438154326,0.19755719271035285,0.39246477963034765,0.5862737495153161,-0.016937209673344535,15474.0,120.37587622355542,111.78721187243447,8.588664351120954
2020-2021,PHX,5,0.0,0.49999999995,0.9999999999,0.0,0.0,0.0,0.2,0.4,0.6000000000000001,1.0,7165.0,118.8,113.3,5.5
2020-2021,POR,9,0.17874443653358782,0.2914266768411846,0.5258848060609045,0.14355977943929246,0.11111111108641974,0.2414079500340526,0.2019733891463597,0.3836896397069816,0.5041859769771266,-0.07100905093378503,13378.0,119.69548524706718,111.83370067543547,7.861784571631716
2020-2021,POR,8,0.14285714285714282,0.3846153845857988,0.6718856364357229,0.24622039045191266,0.2499999999375,0.1851769911504424,0.2,0.4,0.5156342182890856,0.012117088931519564,6780.0,122.0575221238938,107.45132743362832,14.606194690265482
2020-2021,SAC,6,0.18787768702740287,0.48862604709768603,0.7959350545844707,-4.440892098500626e-16,0.0,0.1358646519436911,0.20805889190236346,0.4041069352963968,0.598411468423092,-0.04173576698361909,10324.0,118.93733705772813,114.80940409683426,4.127932960893872
2020-2021,SAC,6,0.19999999999999998,0.49999999995000016,0.8025142856340346,2.220446049250313e-16,0.0,0.13375238095238093,0.19999999999999996,0.3999999999999999,0.6,-0.16920189148800147,8750.0,121.75565714285715,114.59874285714285,7.1569142857142936
2020-2021,SAS,10,0.1695565457725423,0.3003350110177217,0.5539585372333496,0.20633706685882766,0.39999999992,0.29811652035115727,0.18324022346368715,0.3573822825219473,0.509098164405427,0.28484187290165747,12530.0,112.46043869956914,113.38397963180572,-0.9235409322365769
2020-2021,SAS,5,0.0,0.49999999995,0.9999999999,0.0,0.0,0.0,0.2,0.4,0.6000000000000001,1.0,3440.0,118.5,111.8,6.700000000000003
2020-2021,TOR,7,0.22250460195168403,0.42028704457231875,0.688546697887319,4.440892098500626e-16,0.0,0.21678033597290242,0.212431912848446,0.40852290932393465,0.6046139057994233,-0.05236758389842742,6242.0,118.1759426847662,109.49871794871794,8.67722473604826
2020-2021,UTA,10,0.13997007854480278,0.2529517064113009,0.43985051070700176,0.07340091422358105,0.19999999996,0.24794924527569737,0.15579527375732413,0.30592526483256377,0.4474797252725933,0.1747892629459315,25771.0,119.97655105973028,107.16778420038534,12.808766859344942
2020-2021,UTA,9,0.12870403659373,0.3473117761687472,0.5762132399412006,0.1577558355419807,0.11111111108641974,0.21730876605248461,0.1542713567839196,0.3085427135678392,0.45594639865996645,0.4293079078649278,11940.0,119.33567839195982,107.84346733668342,11.4922110552764
2020-2021,WAS,9,0.1596049948924013,0.3169038769523352,0.5192924360763088,0.17310238532032965,0.11111111108641974,0.25150756099823735,0.19231839688282773,0.37406067353186756,0.5558029501809073,0.1606725543189133,7186.0,109.94869739478956,116.12685370741484,-6.178156312625276
2021-2022,ATL,11,0.14963579703211477,0.2569949941686972,0.4557302101692056,0.23057793588835965,0.27272727267768593,0.3237614527898172,0.17048883524441766,0.33590826795413403,0.47827398913699465,0.40007342722284867,16570.0,120.11258971291866,111.40855263157896,8.704037081339706
2021-2022,BKN,7,0.16788209372368057,0.4243765342047748,0.7389184016443894,0.010351029850179341,0.4285714284489796,0.2026347305389222,0.2311377245508982,0.4196407185628742,0.6033532934131737,-0.20693380774423817,4175.0,114.88341143392691,107.76663542642925,7.116776007497663
2021-2022,BOS,7,0.15700505623520927,0.363737566358063,0.6947623895672241,0.0139706582677777,0.4285714284489796,0.17553191489361705,0.21139327385037748,0.3837508579272477,0.5466712422786548,-0.027485561104131747,11656.0,118.91599025974025,103.44955357142855,15.466436688311703
2021-2022,BOS,5,0.0,0.49999999995,0.9999999999,0.0,0.0,0.0,0.2,0.4,0.6000000000000001,1.0,4535.0,119.1,94.8,24.299999999999997
2021-2022,CHA,8,0.23260590404417436,0.39711735875346527,0.6322020056243244,0.005231803868335961,0.499999999875,0.27004442925495553,0.20170881749829117,0.39111414900888586,0.5759398496240602,0.04675707621452342,14630.0,114.68983395459166,113.06709589969503,1.6227380548966295
2021-2022,CHA,6,0.2,0.4999999999499999,0.8150134047442358,0.0,0.0,0.13583556747095615,0.2,0.4,0.6000000000000001,-0.23810079084741723,7460.0,112.98203753351207,109.81112600536194,3.1709115281501283
2021-2022,CHI,8,0.21561498761858985,0.3639508009207574,0.5978601181605497,0.01398397092877024,0.2499999999375,0.25644394920528124,0.20124463880245563,0.3966024724581616,0.5880918341602892,0.055871371395160796,11891.0,113.55162055335967,111.43391304347826,2.117707509881413
2021-2022,CLE,6,0.19185671055269943,0.4804057781119044,0.8800068119451723,0.0,0.0,0.17255427640225,0.2245702570572465,0.4292698312568996,0.6194606528938654,0.006136194958333726,6341.0,115.30709269662921,106.2810393258427,9.026053370786514
2021-2022,DAL,8,0.22785327873660685,0.379536561290982,0.6424514187850026,0.04142769653611882,0.499999999875,0.2708666666666666,0.2,0.4,0.5656533333333333,0.17318678382577452,9375.0,115.59178666666666,112.95536,2.636426666666665
2021-2022,DAL,5,0.0,0.49999999995,0.9999999999,0.0,0.0,0.0,0.2,0.4,0.6000000000000001,1.0,3540.0,128.0,113.3,14.700000000000003
2021-2022,DEN,9,0.23376323194094936,0.40402715182661086,0.727617528211142,0.1237684360515128,0.33333333325925923,0.34405947499093376,0.19156414762741653,0.37346221441124783,0.5544187798142104,0.31937537240200636,15932.0,119.46849816849819,110.27161172161172,9.196886446886467
2021-2022,DEN,5,0.0,0.49999999995,0.9999999999,0.0,0.0,0.0,0.2,0.4,0.6000000000000001,1.0,7815.0,122.9,112.9,10.0
2021-2022,DET,8,0.20018673300167653,0.3449088269788878,0.5928999358632485,0.0040083096440062665,0.499999999875,0.252237532262093,0.20847556406627257,0.39305636499875113,0.5634002164682375,-0.12123758829673244,12011.0,102.91198083067091,114.33378594249201,-11.4218051118211
2021-2022,DET,6,0.2,0.49999999994999983,0.8050139274961001,-4.440892098500626e-16,0.0,0.13416898792943352,0.20000000000000004,0.4000000000000001,0.6000000000000002,-0.24983428848128295,5385.0,105.86685236768803,112.34233983286907,-6.475487465181047
2021-2022,GSW,7,0.21016514181790283,0.42803237040111447,0.727381449239173,0.009845450833295907,0.4285714284489796,0.2165474974463739,0.20863125638406538,0.4034729315628192,0.5978038815117467,-0.08297021871291675,7832.0,111.78824969400245,105.68610771113832,6.102141982864126
2021-2022,GSW,5,0.0,0.49999999995,0.9999999999,0.0,0.0,0.0,0.2,0.4,0.6000000000000001,1.0,3695.0,111.6,104.0,7.599999999999994
2021-2022,HOU,9,0.19932353829096114,0.3572867946976276,0.5944661585743326,0.08109603950507369,0.33333333325925923,0.28643578643578643,0.1777983920841064,0.3510358688930118,0.5140692640692642,0.15317109481178887,12936.0,105.70890538033395,115.00571428571432,-9.296808905380374
2021-2022,HOU,5,0.0,0.49999999995,0.9999999999,0.0,0.0,0.0,0.2,0.4,0.6000000000000001,1.0,3655.0,112.6,110.4,2.1999999999999886
2021-2022,IND,6,0.14781253969464136,0.397925806942399,0.7362320510192025,2.220446049250313e-16,0.0,0.10749597608645652,0.20556449758565187,0.41112899517130375,0.5985283973327202,0.03504484509849999,4349.0,111.13477851083883,112.72789820923657,-1.593119698397743
2021-2022,LAC,9,0.19854755251721481,0.3242910254178726,0.5526160571594596,0.07704254863398438,0.4714045206338969,0.240262052268034,0.18276009399700918,0.36552018799401836,0.5091860713522751,0.0775842468093061,9362.0,109.08121212121213,112.70343434343435,-3.62222222222222
2021-2022,LAL,8,0.1586078924535644,0.28319661343102354,0.512665592230296,0.042059039090454886,0.2499999999375,0.16651441331709294,0.19488428745432398,0.36825010150223303,0.5103532277710109,-0.020191547209128715,4926.0,111.28022388059702,110.81194029850747,0.4682835820895548
2021-2022,MEM,9,0.18029460117541715,0.30068268958192773,0.5224269933604986,0.08124608189939937,0.2721655268851868,0.23745788946553759,0.1873804971319312,0.3569152326322499,0.5151597924064465,0.08161837191090006,10983.0,117.3329401485365,110.01227610310178,7.320664045434711
2021-2022,MIA,9,0.18049837550470077,0.31903688487846754,0.5844151248691527,0.1410564952150909,0.11111111108641974,0.26794864628170006,0.18178769075968473,0.34579909441556267,0.4982391413717927,0.3429004801129438,11926.0,114.26803245436106,103.97732251521299,10.290709939148073
2021-2022,MIA,5,0.0,0.49999999995,0.9999999999,0.0,0.0,0.0,0.2,0.4,0.6000000000000001,1.0,4180.0,111.1,98.2,12.899999999999991
2021-2022,MIL,6,0.11678297435231097,0.4342307443609714,0.8372004410677992,3.3306690738754696e-16,0.0,0.11960300036589826,0.19950603732162459,0.39846322722283206,0.5795828759604831,-0.13866909505822667,7288.0,117.86566303651504,109.18212684176811,8.683536194746935
2021-2022,MIL,5,0.0,0.49999999995,0.9999999999,0.0,0.0,0.0,0.2,0.4,0.6000000000000001,1.0,3680.0,116.7,108.9,7.799999999999997
2021-2022,MIN,7,0.17801066038372967,0.3599744990867045,0.6628219628529681,0.003088029950252022,0.4285714284489796,0.15323186666517127,0.18881997330611605,0.37591269529716576,0.5350553505535056,0.009898480383343476,12737.0,117.82152140672784,111.27335626911317,6.548165137614674
2021-2022,MIN,5,0.0,0.49999999995,0.9999999999,0.0,0.0,0.0,0.2,0.4,0.6000000000000001,1.0,4495.0,120.7,107.8,12.900000000000006
2021-2022,NOP,9,0.20404318939089458,0.33100577262852704,0.5830865528548631,0.09318101847096258,0.5555555554320988,0.28430849487225085,0.19117908589720792,0.3672416859327761,0.5358349635425931,0.07544358519376299,11246.0,116.87955145118735,109.09753737906773,7.7820140721196225
2021-2022,NOP,5,0.0,0.49999999995,0.9999999999,0.0,0.0,0.0,0.2,0.4,0.6000000000000001,1.0,3445.0,114.9,102.3,12.600000000000009
2021-2022,NYK,10,0.18909463004273774,0.3324700624720436,0.5653377755286212,0.18141495224724086,0.19999999996,0.34491790951247026,0.17890713121945107,0.3541797217696453,0.5243138237874421,0.38043774563662486,15958.0,112.49197733373099,113.27754249925441,-0.7855651655234226
2021-2022,NYK,6,0.2,0.49999999995000016,0.8024347825284524,-2.220446049250313e-16,0.0,0.13373913043478267,0.20000000000000004,0.4000000000000001,0.6000000000000002,-0.21734692567623892,8625.0,110.37304347826087,116.18052173913041,-5.807478260869544
2021-2022,OKC,7,0.23148170468356083,0.4348045622334616,0.7643874946429641,2.220446049250313e-16,0.0,0.2018788252597619,0.20458319495184327,0.38923945533045506,0.5738957157090668,0.18861331367985693,6022.0,100.35232558139533,120.48317373461012,-20.130848153214785
2021-2022,OKC,5,0.0,0.49999999995,0.9999999999,0.0,0.0,0.0,0.2,0.4,0.6000000000000001,1.0,2665.0,95.7,113.3,-17.599999999999994
2021-2022,ORL,9,0.18273762952137812,0.3438664792878342,0.5862532182155317,0.09721894348970361,0.33333333325925923,0.27476983989698045,0.1746237675142709,0.3460473966441792,0.505275903822868,0.2056270900595013,11562.0,105.22239627434377,108.86689246401355,-3.6444961896697805
2021-2022,ORL,5,0.0,0.49999999995,0.9999999999,0.0,0.0,0.0,0.2,0.4,0.6000000000000001,1.0,4420.0,102.3,103.5,-1.2000000000000028
2021-2022,PHI,8,0.24459010136713136,0.3923453103225525,0.6446812003932249,0.01278811602426435,0.499999999875,0.26778974007034406,0.19722055417345802,0.39444110834691604,0.5811958479883332,0.035261815861874955,11657.0,115.89262597296188,108.55997541990989,7.332650553051991
2021-2022,PHI,5,0.0,0.49999999995,0.9999999999,0.0,0.0,0.0,0.2,0.4,0.6000000000000001,1.0,3300.0,123.3,103.0,20.299999999999997
2021-2022,PHX,9,0.16675681584977436,0.32382911721007085,0.6098937361749942,0.19765216800366742,0.11111111108641974,0.3090808479783235,0.1988093193657336,0.37557959814528596,0.5348331329784188,0.47475172218582407,17469.0,118.26972299168973,108.695567867036,9.574155124653728
2021-2022,PHX,5,0.0,0.49999999995,0.9999999999,0.0,0.0,0.0,0.2,0.4,0.6000000000000001,1.0,7720.0,118.29999999999998,110.20000000000002,8.099999999999966
2021-2022,POR,7,0.17655377493336022,0.37372195173494704,0.6642100385764814,0.014212445071198863,0.4285714284489796,0.15585127201565552,0.20643835616438358,0.38054794520547947,0.5358904109589042,-0.12393467133155608,7300.0,113.138167509837,109.11157953906688,4.026587970770123
2021-2022,POR,5,0.0,0.49999999995,0.9999999999,0.0,0.0,0.0,0.2,0.4,0.6000000000000001,1.0,2880.0,113.90000000000002,112.3,1.6000000000000227
2021-2022,SAC,11,0.12452401706899552,0.2434163352367388,0.4386412064189879,0.22100432603287587,0.09090909089256198,0.30012865061139105,0.22139928580875545,0.3773310408676101,0.5090596481946832,0.043468160935210054,7561.0,108.13494623655913,119.42186379928314,-11.286917562724014
2021-2022,SAS,8,0.2215713602023647,0.3865664323197294,0.6508372954725133,0.03756096316854297,0.2499999999375,0.27835615135957403,0.20117893135577106,0.402072637383533,0.591842555618939,-0.01724845299716006,10518.0,111.80153153153152,112.76702702702705,-0.9654954954955315
2021-2022,SAS,5,0.0,0.49999999995,0.9999999999,0.0,0.0,0.0,0.2,0.4,0.6000000000000001,1.0,3285.0,112.79999999999998,107.70000000000002,5.099999999999966
2021-2022,TOR,8,0.2528087283567536,0.42499381272459713,0.6952717513306698,0.0030240857456788773,0.499999999875,0.29282835467045987,0.2,0.3902323376007587,0.579611190137506,-0.11937951803580373,10545.0,114.09962067330487,107.21119013750591,6.88843053579896
2021-2022,TOR,5,0.0,0.49999999995,0.9999999999,0.0,0.0,0.0,0.2,0.4,0.6000000000000001,1.0,3500.0,109.6,107.8,1.7999999999999972
2021-2022,UTA,9,0.15601870374096835,0.3308493506411569,0.5613878351628868,0.10019739380221349,0.11111111108641974,0.23761651009906792,0.16085260671317914,0.32170521342635827,0.4729989562160083,0.24451557152140643,18203.0,118.70316321105793,108.22171717171719,10.481446039340739
2021-2022,UTA,5,0.0,0.49999999995,0.9999999999,0.0,0.0,0.0,0.2,0.4,0.6000000000000001,1.0,6815.0,119.7,111.5,8.200000000000003
2021-2022,WAS,11,0.1606052169739693,0.25127377465057216,0.4526704468075003,0.16645122281017338,0.09090909089256198,0.3112798352247486,0.18329631274988895,0.3571745890715238,0.4799644602398934,0.18927527801181718,11255.0,107.28522350993377,113.46523178807946,-6.180008278145692
2021-2022,WAS,5,0.0,0.49999999995,0.9999999999,0.0,0.0,0.0,0.2,0.4,0.6000000000000001,1.0,3275.0,101.4,107.5,-6.099999999999994
2022-2023,ATL,9,0.16973086097918053,0.3383326352832312,0.6347587730296187,0.21215480112715868,0.11111111108641974,0.30852076515262045,0.18835595022199983,0.36014007879432175,0.5276092802201238,0.4969645858084853,15991.0,117.2564039408867,113.72998768472907,3.5264162561576313
2022-2023,ATL,6,0.2,0.4999999999500001,0.8953411763810543,0.0,0.0,0.14922352941176462,0.2,0.4,0.6000000000000001,-0.17775781396389104,10625.0,116.81218823529412,110.91684705882352,5.895341176470595
2022-2023,BKN,10,0.09640291899563261,0.30438791106662233,0.5381291802892841,0.3638536341918269,0.19999999996,0.1834741952886171,0.18863513756518613,0.33654019061319906,0.44632260384822875,0.15827584307965337,11122.0,114.66180164573407,108.85331312256389,5.808488523170183
2022-2023,BKN,5,0.0,0.49999999995,0.9999999999,0.0,0.0,0.0,0.2,0.4,0.6000000000000001,1.0,3320.0,112.3,109.2,3.0999999999999943
2022-2023,BOS,8,0.2507008189567705,0.4149114513327314,0.7330377037281596,0.004796772397744177,0.499999999875,0.292257024596036,0.1955743055002786,0.39075061689087,0.5745442967444081,-0.0875407647189889,12563.0,119.22928049249713,110.77506733358985,8.45421315890728
2022-2023,BOS,5,0.0,0.49999999995,0.9999999999,0.0,0.0,0.0,0.2,0.4,0.6000000000000001,1.0,4545.0,124.5,112.3,12.200000000000003
2022-2023,CHA,7,0.17799888047369425,0.3572042306215282,0.6177234931169727,0.0,0.0,0.1791463652309491,0.21218735788994997,0.39836289222373805,0.5759890859481582,0.2461470508381453,10995.0,111.52805226623111,117.27570436913024,-5.747652102899124
2022-2023,CHI,9,0.21146173587133874,0.3426787716378301,0.5976519884147912,0.041796197581589034,0.4714045206338969,0.30141184801611004,0.18323043218482374,0.35889265086636124,0.529326827325234,0.20148726176042397,20084.0,115.20260826771656,112.29370078740159,2.9089074803149657
2022-2023,CHI,5,0.0,0.49999999995,0.9999999999,0.0,0.0,0.0,0.2,0.4,0.6000000000000001,1.0,6155.0,111.5,110.2,1.2999999999999972
2022-2023,CLE,7,0.197740731873835,0.41080129924305236,0.687508436919988,2.220446049250313e-16,0.0,0.20065250933418138,0.207271827850606,0.3886552889768324,0.566905763047242,-0.14896473587909675,12129.0,119.68074781225138,112.53667462211614,7.144073190135245
2022-2023,CLE,5,0.0,0.49999999995,0.9999999999,0.0,0.0,0.0,0.2,0.4,0.6000000000000001,1.0,4000.0,122.0,114.2,7.799999999999997
2022-2023,DAL,8,0.1680275470190659,0.32066899845487756,0.5634080682529274,0.0,0.0,0.22086257850018465,0.21352050240118212,0.3727373476172885,0.5303534047531092,-0.12826567894225158,8121.0,121.0401384083045,117.18102652825836,3.859111880046143
2022-2023,DEN,7,0.21199741837840294,0.40428176220128115,0.7447906149477076,2.220446049250313e-16,0.0,0.20460358056265981,0.19736760027446823,0.3874992202607448,0.5656540452872559,-0.017856725497859098,16031.0,124.89368902439024,111.21829268292682,13.675396341463426
2022-2023,DEN,6,0.2,0.49999999995,0.8745794391648786,0.0,0.0,0.14576323987538942,0.2,0.4,0.6000000000000001,-0.21349157491013346,10700.0,124.23392523364485,112.31780373831775,11.916121495327104
2022-2023,DET,9,0.21194017830922246,0.3193309853982566,0.5366629309329956,0.04063695027999967,0.11111111108641974,0.25875063577934987,0.1891385767790262,0.3645443196004994,0.5215355805243446,-0.0078267300365898,9612.0,107.9860576923077,121.57000000000002,-13.583942307692325
2022-2023,GSW,8,0.18155680304260818,0.3210817341111714,0.5562761141221201,0.03580941268058682,0.2499999999375,0.2097832722832722,0.18704212454212454,0.37171855921855923,0.5170940170940171,0.031002294806364163,13104.0,119.88818629307079,108.87731919727376,11.010867095797025
2022-2023,GSW,5,0.0,0.49999999995,0.9999999999,0.0,0.0,0.0,0.2,0.4,0.6000000000000001,1.0,3525.0,128.5,106.4,22.099999999999994
2022-2023,HOU,9,0.1705971289116556,0.31654996427517174,0.5682616381834068,0.13578300097162355,0.33333333325925923,0.2909583924894158,0.18965120294693222,0.3558765972142282,0.5115690111661104,0.35156256065089575,17374.0,112.68660992907799,118.96521985815602,-6.27860992907803
2022-2023,HOU,6,0.2,0.4999999999499999,0.8023688662480202,0.0,0.0,0.13372814438804279,0.2,0.4,0.6000000000000001,-0.24996301008677865,8865.0,111.18612521150592,120.57546531302877,-9.389340101522848
2022-2023,IND,8,0.20077389041461385,0.36133657687561593,0.6737657052617466,0.04130090742414997,0.2499999999375,0.22066985848656895,0.1788831454961444,0.3482755698669604,0.5053808999237352,0.16134805246609574,11801.0,117.64148471615721,118.83949980150854,-1.1980150853513294
2022-2023,IND,5,0.0,0.49999999995,0.9999999999,0.0,0.0,0.0,0.2,0.4,0.6000000000000001,1.0,4175.0,119.8,115.9,3.8999999999999915
2022-2023,LAC,7,0.21150507087764753,0.409777594103174,0.719516895717308,5.551115123125783e-16,0.0,0.22698712755423525,0.22520478890989287,0.42822936357908004,0.5950850661625708,0.17715201461823882,7935.0,114.60430889759373,112.19395635142699,2.4103525461667346
2022-2023,LAL,10,0.12668746604574638,0.23807825130241636,0.4356657355302333,0.17207607754325577,0.0,0.16079770032339197,0.14534674811354653,0.29033417175709664,0.4078332734459217,-0.03261740253609085,5566.0,115.36504934210525,112.53955592105264,2.825493421052613
2022-2023,MEM,9,0.16969080895600586,0.28943466540370777,0.5100369343493036,0.07588359739750536,0.11111111108641974,0.24147811481078937,0.18298587096136745,0.3462108487303626,0.49372591641142183,0.22235554582860267,10121.0,115.71073985680191,106.04143198090692,9.669307875894987
2022-2023,MIA,8,0.18171895660900153,0.30985691074555627,0.5483534435092859,0.018168752143062534,0.499999999875,0.22034580585799723,0.2064100598067781,0.3778561570311302,0.5268363747891427,-0.0695286446657225,13042.0,117.53138930163448,109.42596582466568,8.105423476968795
2022-2023,MIA,5,0.0,0.49999999995,0.9999999999,0.0,0.0,0.0,0.2,0.4,0.6000000000000001,1.0,3040.0,112.5,107.3,5.200000000000003
2022-2023,MIL,6,0.19349202644968144,0.49769902118728065,0.8188142090061011,0.0,0.0,0.15721179888708323,0.2111094696410105,0.422218939282021,0.6148618702910327,0.02857214396113645,6769.0,120.29902029391182,107.90370888733379,12.395311406578031
2022-2023,MIN,7,0.2078267161643976,0.41109104924405515,0.6937642310243365,-2.220446049250313e-16,0.0,0.21958792726889964,0.21265426413704183,0.4149014551482778,0.6001105175907167,-0.07430958447667205,10858.0,115.25032481593763,107.4674317886531,7.78289302728453
2022-2023,NOP,8,0.21209361029931992,0.3935055230036802,0.6624383427836389,0.02340427082179821,0.2499999999375,0.27067191535449464,0.2066150129134383,0.3917353994834625,0.5704407231525452,0.017643377672674963,12003.0,116.98241419205551,113.68993443887386,3.2924797531816523
2022-2023,NOP,5,0.0,0.49999999995,0.9999999999,0.0,0.0,0.0,0.2,0.4,0.6000000000000001,1.0,3680.0,118.1,119.0,-0.9000000000000057
2022-2023,NYK,12,0.15205599528240826,0.25049945460939116,0.43941976374327835,0.2009358925948073,0.0,0.3645614675549876,0.16847677283928084,0.3176508168294241,0.4664141644610751,0.3622391844787782,21914.0,117.00208473436449,115.82425465142344,1.1778300829410426
2022-2023,NYK,5,0.0,0.49999999995,0.9999999999,0.0,0.0,0.0,0.2,0.4,0.6000000000000001,1.0,5305.0,124.70000000000002,117.7,7.000000000000014
2022-2023,OKC,7,0.23247008384057974,0.4809612897330892,0.7831503271024254,0.06458055322789069,0.4285714284489796,0.2623740459367086,0.21309036816660468,0.42618073633320935,0.6158423205652659,0.16022803171927483,8067.0,110.89493891797557,116.81570680628272,-5.920767888307154
2022-2023,OKC,5,0.0,0.49999999995,0.9999999999,0.0,0.0,0.0,0.2,0.4,0.6000000000000001,1.0,3100.0,108.9,112.7,-3.799999999999997
2022-2023,ORL,9,0.15033708520520722,0.3070898739899019,0.5721205521714229,0.19854232517112924,0.11111111108641974,0.25585441589037905,0.18760770210534203,0.35648460328163634,0.5072300891586125,0.2778449123458322,13347.0,111.35751960085531,112.53061297220243,-1.1730933713471217
2022-2023,ORL,5,0.0,0.49999999995,0.9999999999,0.0,0.0,0.0,0.2,0.4,0.6000000000000001,1.0,5920.0,114.0,113.0,1.0
2022-2023,PHI,8,0.19312148165897564,0.36685189880087804,0.6706455029059284,0.10562271759943606,0.499999999875,0.25846976680195366,0.18587053724977642,0.36204168673041204,0.5349797069546673,0.5092239100244235,14537.0,120.9122795341098,112.41158069883531,8.500698835274491
2022-2023,PHI,6,0.2,0.49999999994999983,0.8360091742283254,2.220446049250313e-16,0.0,0.13933486238532092,0.20000000000000004,0.4000000000000001,0.6000000000000002,-0.24616404835951905,8720.0,122.09696100917432,112.71410550458715,9.38285550458717
2022-2023,PHX,8,0.20494606055069728,0.3530536527665697,0.6517522072357548,2.220446049250313e-16,0.0,0.24754284884283917,0.20180110390239178,0.3677737968432265,0.532003486007553,-0.21879384231538015,10327.0,115.78353741496599,112.81260770975058,2.9709297052154113
2022-2023,POR,6,0.19058074493358576,0.48374058831699124,0.8616365761818081,-2.220446049250313e-16,0.0,0.14682777444910458,0.21300179748352308,0.408627920910725,0.604254044337927,-0.19669906311501306,10014.0,116.04683544303798,115.91725269573372,0.129582747304255
2022-2023,POR,5,0.0,0.49999999995,0.9999999999,0.0,0.0,0.0,0.2,0.4,0.6000000000000001,1.0,5525.0,116.4,115.4,1.0
2022-2023,SAC,7,0.21841266402273612,0.42419715580844924,0.794169905365821,0.02586769241685232,0.4285714284489796,0.21499428846269467,0.20309024228942466,0.39535862442133113,0.5709733661997235,0.057873827567239244,16633.0,122.42483547925609,117.14123032904148,5.283605150214612
2022-2023,SAC,5,0.0,0.49999999995,0.9999999999,0.0,0.0,0.0,0.2,0.4,0.6000000000000001,1.0,9490.0,119.9,116.2,3.700000000000003
2022-2023,SAS,7,0.2190276824605033,0.4813819487175873,0.7638289344622589,0.03379304424771437,0.4285714284489796,0.22472783825816478,0.21345256609642302,0.40649300155520995,0.5977838258164853,0.05432540333391875,5144.0,114.52915282392024,117.20996677740862,-2.680813953488382
2022-2023,TOR,8,0.2516602287101424,0.4189108990234335,0.7228744997941825,-2.220446049250313e-16,0.0,0.2972440123508304,0.20178586330635068,0.39430860385546196,0.573645998497872,-0.06578862376798424,11983.0,118.3910669975186,113.83010752688172,4.560959470636888
2022-2023,TOR,6,0.2,0.4999999999500001,0.8204022987685345,0.0,0.0,0.1367337164750957,0.20000000000000004,0.4000000000000001,0.6000000000000002,-0.21534263721269709,6960.0,118.09597701149424,113.00811781609194,5.087859195402302
2022-2023,UTA,10,0.1881264874181006,0.3091814001044861,0.5405641723326253,0.17059013232644554,0.39999999992,0.29925418262447073,0.18524491030034268,0.3573876234630115,0.5113888328965934,0.06269460192401527,9922.0,119.30242454230579,115.99881246907472,3.303612073231065
2022-2023,UTA,5,0.0,0.49999999995,0.9999999999,0.0,0.0,0.0,0.2,0.4,0.6000000000000001,1.0,3145.0,112.7,113.4,-0.7000000000000028
2022-2023,WAS,7,0.17136404529704946,0.36149012759657206,0.6186580123792464,-1.1102230246251565e-16,0.0,0.15673981191222566,0.20085916637640774,0.3841866945315221,0.5549750377336584,0.04987519657465175,8613.0,120.99560499186107,115.38958220293,5.606022788931071
2023-2024,ATL,10,0.1445370871148162,0.24295487237519547,0.44566390838566444,0.047652118548991235,0.19999999996,0.2569142125480154,0.164265898420828,0.301056338028169,0.4362462654716176,0.20684627417561188,18744.0,118.47154514345878,117.61289813108715,0.8586470123716339
2023-2024,ATL,5,0.0,0.49999999995,0.9999999999,0.0,0.0,0.0,0.2,0.4,0.6000000000000001,1.0,3140.0,109.2,124.60000000000001,-15.400000000000006
2023-2024,BKN,7,0.153714388078416,0.3439674081794799,0.624681048669355,5.551115123125783e-16,0.0,0.15317814832283652,0.206156535249563,0.3815303942513109,0.5319479510584579,-0.08662562537316523,10298.0,113.14908148845973,113.71267074894018,-0.5635892604804553
2023-2024,BKN,5,0.0,0.49999999995,0.9999999999,0.0,0.0,0.0,0.2,0.4,0.6000000000000001,1.0,3125.0,113.4,110.2,3.200000000000003
2023-2024,BOS,8,0.17999245317700538,0.3593997226617572,0.6633640338059614,0.09509972840977053,0.499999999875,0.25667581530513406,0.18430739425250242,0.3604778818211172,0.5311591863093316,0.4015848704590755,15485.0,123.7074074074074,111.10676883780333,12.600638569604072
2023-2024,BOS,6,0.2,0.4999999999500001,0.866323377874233,-2.220446049250313e-16,0.0,0.14438722966014414,0.2,0.4,0.6000000000000001,-0.23666826069226166,9710.0,121.19871266735326,112.84114315139031,8.35756951596295
2023-2024,CHA,10,0.12054596778861836,0.3040792504164604,0.5237159348125582,0.30622225811864395,0.19999999996,0.2612836970474966,0.2094993581514763,0.37933247753530175,0.4907573812580232,0.33038966274706644,7790.0,110.41857304643263,118.66817667044165,-8.249603624009026
2023-2024,CHI,9,0.22484172318231313,0.35662109667008635,0.6014698089504471,0.030690504524087427,0.11111111108641974,0.3255457106969481,0.2030553009471433,0.39162847540482737,0.5725022914757104,0.035081789236757574,16365.0,111.09906710803489,115.64724646403853,-4.548179356003644
2023-2024,CHI,5,0.0,0.49999999995,0.9999999999,0.0,0.0,0.0,0.2,0.4,0.6000000000000001,1.0,4435.0,108.3,110.1,-1.7999999999999972
2023-2024,CLE,9,0.14782960658165564,0.27387027858960716,0.4727311286519632,0.06136840920878883,0.2721655268851868,0.21075884228230024,0.18397469688982604,0.33669704043979215,0.4711198132389487,0.12032109800554185,13279.0,120.65938783128033,110.90399402762225,9.75539380365808
2023-2024,CLE,5,0.0,0.49999999995,0.9999999999,0.0,0.0,0.0,0.2,0.4,0.6000000000000001,1.0,3825.0,114.0,111.7,2.299999999999997
2023-2024,DAL,8,0.17267839847406988,0.3100867163651592,0.5748552708828336,0.09872688603306409,0.2499999999375,0.19805524239007888,0.20586245772266065,0.38241262683201804,0.5167981961668546,-0.024175459480889044,4435.0,119.4064622124863,110.67009857612267,8.736363636363635
2023-2024,DEN,9,0.16868415752540525,0.3605385623492671,0.6316768948410512,0.22755315464262194,0.11111111108641974,0.30073928043371123,0.17959586002957123,0.352686052242484,0.518383440118285,0.5970426956232417,20290.0,120.1411596277738,112.29670722977808,7.844452397995724
2023-2024,DEN,6,0.2,0.49999999995,0.8694220664629702,0.0,0.0,0.14490367775831872,0.2,0.4,0.6000000000000001,-0.2373513575544839,14275.0,123.57646234676007,112.37190893169877,11.204553415061298
2023-2024,DET,7,0.17940177572349275,0.3889768423560735,0.6988001682573611,0.0,0.0,0.20666368737275928,0.21741397288842546,0.4113660062565172,0.5683003128258604,-0.06986937002814762,5754.0,112.04460431654678,113.51342925659472,-1.4688249400479378
2023-2024,GSW,8,0.17920863814144172,0.3160504498606447,0.5765760336593596,0.012049433892275738,0.499999999875,0.20532658648675084,0.20025422900166226,0.3555294807861543,0.5080668817835142,0.06157833949437581,10227.0,118.00551217271473,111.96343592099218,6.042076251722548
2023-2024,HOU,8,0.24920484765159637,0.4226626109399966,0.7863964171860722,0.0201069164590863,0.499999999875,0.2972104832663075,0.1952832117783382,0.38136459682366575,0.5656737782018949,0.031091925321567723,14671.0,114.27115956392467,115.7652461182689,-1.4940865543442357
2023-2024,HOU,5,0.0,0.49999999995,0.9999999999,0.0,0.0,0.0,0.2,0.4,0.6000000000000001,1.0,7740.0,113.3,112.6,0.7000000000000028
2023-2024,IND,9,0.15827171116882305,0.3182846245990197,0.5277124694140973,0.18857556702458345,0.11111111108641974,0.20449742406092655,0.19046366903321943,0.37163642738189157,0.4819002541852924,0.12837248528513145,11409.0,123.08049484536086,115.63562886597938,7.4448659793814755
2023-2024,IND,5,0.0,0.49999999995,0.9999999999,0.0,0.0,0.0,0.2,0.4,0.6000000000000001,1.0,4610.0,115.6,108.1,7.5
2023-2024,LAC,9,0.14787915085147632,0.3108354665788898,0.5897187371755732,0.22816648996187316,0.11111111108641974,0.28751401031158935,0.17646267652992603,0.3495628782784129,0.5180228648285139,0.5083955556096746,14870.0,119.65104780615587,113.02554027504911,6.625507531106763
2023-2024,LAC,5,0.0,0.49999999995,0.9999999999,0.0,0.0,0.0,0.2,0.4,0.6000000000000001,1.0,5760.0,121.19999999999999,109.7,11.499999999999986
2023-2024,LAL,8,0.21333396010757733,0.35895280563631327,0.6321352960392422,0.007095225318250624,0.499999999875,0.2538462805561046,0.19654740726098702,0.3679910390722804,0.536996771430454,0.0744263536870592,15177.0,118.55791006146877,115.46311873180197,3.094791329666805
2023-2024,LAL,5,0.0,0.49999999995,0.9999999999,0.0,0.0,0.0,0.2,0.4,0.6000000000000001,1.0,4115.0,117.7,111.09999999999998,6.600000000000023
2023-2024,MIA,9,0.14729902299722397,0.2582571102884764,0.45272421215783337,0.08332799199283389,0.11111111108641974,0.21169856200670326,0.1840739539409666,0.3619850794680506,0.49237755433019786,0.09933051112049601,6166.0,115.58829553767373,114.91448427212876,0.6738112655449697
2023-2024,MIL,8,0.22620247398132398,0.40351415438110855,0.6758342924002497,0.08138622448421222,0.499999999875,0.2652830316130774,0.19697379086733316,0.38678735476898135,0.5632937044042151,0.07353654097131776,14804.0,122.36209517514871,110.14553866490415,12.216556510244558
2023-2024,MIL,6,0.19999999999999998,0.4999999999500001,0.8690376568168621,-2.220446049250313e-16,0.0,0.14483960948396093,0.2,0.4,0.6000000000000001,-0.1862596355493043,9560.0,122.21956066945606,107.47437238493724,14.745188284518818
2023-2024,MIN,8,0.17892312344019695,0.3348225414749241,0.6142031439736043,0.10386857963561592,0.2499999999375,0.22743777592936198,0.19380638556529528,0.37590376863522934,0.524025849382558,0.18520346615238564,15629.0,116.51073015873015,109.19003174603176,7.320698412698391
2023-2024,MIN,5,0.0,0.49999999995,0.9999999999,0.0,0.0,0.0,0.2,0.4,0.6000000000000001,1.0,6375.0,120.7,111.2,9.5
2023-2024,NOP,7,0.18600489094629638,0.3770544580474719,0.6999534800665284,0.028382592077332205,0.4285714284489796,0.1713044018128763,0.1948717948717949,0.37392438070404177,0.552368535419383,0.0018018473036758922,11505.0,118.49958350687214,111.09575177009577,7.403831736776368
2023-2024,NOP,5,0.0,0.49999999995,0.9999999999,0.0,0.0,0.0,0.2,0.4,0.6000000000000001,1.0,4525.0,115.7,116.9,-1.2000000000000028
2023-2024,NYK,12,0.16459315603478508,0.24998448419773417,0.439284018277478,0.17528187374581894,0.16666666663888888,0.34277489585789517,0.18839896250884225,0.33252770572978074,0.4658099504833766,0.14119256290355506,16964.0,122.35816860465117,112.46546511627908,9.892703488372092
2023-2024,OKC,8,0.23564498395419017,0.40975967812515346,0.7944154475326461,0.07520342806238649,0.2499999999375,0.3006688245846658,0.19678652211215977,0.38382341471024106,0.5654005147804385,0.33053877718383085,12821.0,121.54191343963555,110.05155656795748,11.490356871678074
2023-2024,OKC,5,0.0,0.49999999995,0.9999999999,0.0,0.0,0.0,0.2,0.4,0.6000000000000001,1.0,8540.0,120.0,111.0,9.0
2023-2024,ORL,12,0.09586561177474096,0.24315575159238817,0.45401171329388024,0.299616812863169,0.16666666663888888,0.2326838404416113,0.1574554774265624,0.3007820201090885,0.4370112374318197,0.29365770322562657,15217.0,114.74556231976929,106.01275232297338,8.732809996795908
2023-2024,ORL,7,0.2,0.45454545450413225,0.6868514789525814,0.08123959099077165,0.4285714284489796,0.17395960087612547,0.20000000000000004,0.4000000000000001,0.6000000000000002,-0.09159740502855265,5870.0,115.76218057921635,103.3756388415673,12.386541737649054
2023-2024,PHI,6,0.15372891413604048,0.4474038551554863,0.7768215441447919,0.0,0.0,0.1553886407723192,0.22668832047638376,0.45337664095276753,0.6195696305318715,0.028191137101750578,7389.0,123.76871641791045,111.59946268656716,12.16925373134329
2023-2024,PHX,7,0.2378582981934915,0.4636447823785353,0.7834762060859192,0.0103331360338172,0.4285714284489796,0.255925043452237,0.21061961163484005,0.4212392232696801,0.6080895979373137,0.06256551222435915,12411.0,121.03106350420812,113.96120887528696,7.0698546289211635
2023-2024,PHX,5,0.0,0.49999999995,0.9999999999,0.0,0.0,0.0,0.2,0.4,0.6000000000000001,1.0,5220.0,124.7,114.3,10.400000000000006
2023-2024,POR,9,0.1480654456263531,0.26540816292268987,0.48671141705386095,0.10367857561836205,0.11111111108641974,0.2386959997219616,0.20378479824835785,0.38160775727244295,0.5129809196121364,0.0651137958681642,6394.0,107.0112266112266,116.11302841302842,-9.101801801801813
2023-2024,SAC,9,0.24794722895243618,0.40413256673178716,0.6890487105766775,0.06123123984674504,0.5555555554320988,0.35394390206105686,0.20145048814504882,0.3956485355648536,0.579860529986053,0.014712957192818035,17925.0,117.79160897258377,114.28404873996126,3.5075602326225095
2023-2024,SAC,5,0.0,0.49999999995,0.9999999999,0.0,0.0,0.0,0.2,0.4,0.6000000000000001,1.0,7110.0,120.7,114.5,6.200000000000003
2023-2024,SAS,8,0.19525723350176036,0.3220905248194655,0.5699967799762673,0.06833237342652673,0.2499999999375,0.209112342819325,0.19374586366644606,0.37260092653871607,0.5316843150231635,0.031212304438968923,12088.0,109.99476628046342,111.61725928885338,-1.6224930083899523
2023-2024,SAS,5,0.0,0.49999999995,0.9999999999,0.0,0.0,0.0,0.2,0.4,0.6000000000000001,1.0,4350.0,113.9,110.9,3.0
2023-2024,TOR,10,0.1254021625660383,0.2896569659649855,0.5252156180131442,0.2692958786801502,0.0,0.23549770888173924,0.1590133567319879,0.3149068928536609,0.4472067856098274,0.47052707751399603,10257.0,115.31234162365087,116.61440638198029,-1.302064758329422
2023-2024,TOR,5,0.0,0.49999999995,0.9999999999,0.0,0.0,0.0,0.2,0.4,0.6000000000000001,1.0,3850.0,112.1,115.0,-2.9000000000000057
2023-2024,UTA,11,0.13308955198581202,0.2379761702835988,0.4279762014518322,0.21839570123423926,0.09090909089256198,0.25715259435971727,0.16044985941893158,0.3099343955014058,0.4311152764761012,0.0488528494042598,10670.0,116.02050599201065,120.37958277851753,-4.359076786506876
2023-2024,WAS,7,0.19994698710099387,0.39723291503301794,0.7509049656834107,0.03258113468015827,0.4285714284489796,0.21071399438313534,0.2044212415368301,0.39954319275634237,0.5669304184680644,0.3871277358109672,12259.0,112.15885873902636,118.99756584197925,-6.838707102952895
2023-2024,WAS,5,0.0,0.49999999995,0.9999999999,0.0,0.0,0.0,0.2,0.4,0.6000000000000001,1.0,6230.0,114.89999999999999,116.89999999999999,-2.0
2024-2025,ATL,10,0.19130450598876447,0.29363290527091895,0.5097220701784085,0.12551258736470888,0.37416573856514435,0.3119115144639819,0.19795802609188884,0.38611133619641846,0.5155984117980715,0.069108312763902,12341.0,117.32434951456314,114.10388349514564,3.2204660194175005
2024-2025,ATL,7,0.2,0.45454545450413225,0.6951417316120968,0.08565197529919334,0.4285714284489796,0.17812841364243223,0.2,0.4,0.6000000000000001,-0.021105715051953643,5885.0,113.58275276125745,110.04086661002549,3.5418861512319637
2024-2025,BKN,9,0.11964849300060194,0.34237764238869056,0.5794917965107576,0.26941685829060924,0.11111111108641974,0.1504629629629631,0.17291666666666666,0.3402777777777778,0.4599537037037037,-0.06152047475580242,4320.0,106.166341991342,112.77391774891775,-6.607575757575759
2024-2025,BOS,9,0.16036169046521084,0.34195128102589734,0.6029253561589032,0.24145255269803975,0.33333333325925923,0.30598274856493846,0.18767842342757154,0.3689105810848144,0.5394603554655124,0.5159365703222508,10859.0,119.09803921568626,108.08914728682169,11.008891928864571
2024-2025,BOS,6,0.2,0.49999999995,0.8327718222750689,0.0,0.0,0.138795303726391,0.2,0.4,0.6000000000000001,-0.24682812752002503,6530.0,118.75696784073506,110.7718223583461,7.985145482388958
2024-2025,CHA,5,0.16183547344309854,0.6398963253971682,0.9999999998478103,0.0,0.0,0.14334719334719334,0.24896049896049896,0.4979209979209979,0.7146569646569647,-0.10945982594107484,3848.0,113.75772442588726,117.13267223382047,-3.3749478079332107
2024-2025,CHI,8,0.18663880590986423,0.35570575536042975,0.6172346930958663,0.100829395285237,0.499999999875,0.25599471407976926,0.20989908697741472,0.38664103796251803,0.5580970687169631,0.06911254211822768,10405.0,112.45750915750916,118.17706043956045,-5.719551282051285
2024-2025,CHI,5,0.0,0.49999999995,0.9999999999,0.0,0.0,0.0,0.2,0.4,0.6000000000000001,1.0,2760.0,108.9,112.3,-3.3999999999999915
2024-2025,CLE,11,0.17480359878856794,0.2989469597370602,0.51545709096285,0.20003404077385917,0.27272727267768593,0.3358564447253611,0.1844158046464304,0.3688316092928608,0.5118704425979311,0.15537757882300507,11794.0,120.61237027812368,112.87102532171025,7.741344956413428
2024-2025,CLE,5,0.0,0.49999999995,0.9999999999,0.0,0.0,0.0,0.2,0.4,0.6000000000000001,1.0,2615.0,118.7,107.3,11.400000000000006
2024-2025,DAL,5,0.12600416554465554,0.5685927504195111,0.9999999998651176,3.3306690738754696e-16,0.0,0.08530744336569587,0.2343042071197411,0.4686084142394822,0.6650485436893203,-0.2580139244904223,3090.0,123.60939226519339,112.23674033149173,11.372651933701661
2024-2025,DEN,7,0.21162040701234877,0.40919331123099945,0.6863594744798651,-2.220446049250313e-16,0.0,0.2044376407344446,0.19942682698897268,0.3916889913401035,0.5830789358918449,-0.1248379947622781,16051.0,129.1072705240836,117.130869433505,11.976401090578591
2024-2025,DEN,6,0.19999999999999998,0.4999999999499999,0.8155328114777483,2.220446049250313e-16,0.0,0.13592213525988348,0.2,0.4,0.6000000000000001,-0.24929189006221325,8305.0,127.57718242022878,119.35051173991572,8.226670680313063
2024-2025,DET,11,0.13418724216762076,0.28328583531170665,0.5075109589686091,0.2632199232016167,0.09090909089256198,0.30479536794180234,0.15944474686989657,0.3078933043004899,0.45400108873162764,0.4776339992165396,18370.0,115.7697874630078,114.89811676082864,0.8716707021791592
2024-2025,DET,6,0.2,0.49999999995,0.864709636161136,0.0,0.0,0.1441182727079345,0.2,0.4,0.6000000000000001,-0.13087767049751486,7835.0,117.94556477345246,114.62635609444798,3.3192086790044755
2024-2025,GSW,7,0.15711752576865143,0.4897840936344232,0.8097743320216025,0.14712375954174509,0.4285714284489796,0.1999326001041635,0.2193866609478876,0.40960754878833366,0.5612266781042248,0.1414470747553408,4663.0,116.21154185022027,102.94625550660793,13.265286343612345
2024-2025,HOU,7,0.2122851692804984,0.4013708950469275,0.6797305383977942,0.0,0.0,0.19928989139515454,0.2,0.3904970760233918,0.5769005847953217,-0.08888852188140867,13680.0,115.70497076023392,109.85698099415202,5.847989766081895
2024-2025,HOU,6,0.2,0.4999999999500001,0.8354879593587833,0.0,0.0,0.13924799324038872,0.19999999999999996,0.3999999999999999,0.6,-0.24170548704673356,7890.0,111.01210392902406,109.75792141951838,1.2541825095056822
2024-2025,IND,10,0.1759795393724047,0.3170330349049903,0.5625234508388474,0.1810385435139055,0.19999999996,0.3523765028343611,0.17977948047094,0.35588363545754687,0.5185946552046345,0.456089718243887,16053.0,118.9191697191697,109.8587912087912,9.060378510378499
2024-2025,IND,6,0.2,0.4999999999500001,0.812142857061643,7.771561172376096e-16,0.0,0.13535714285714281,0.2,0.4,0.6000000000000001,-0.1720241789201257,8400.0,118.79071428571429,106.01339285714286,12.777321428571426
2024-2025,LAC,9,0.23130575532038364,0.34516191186394984,0.6229122555407287,0.011703159084103514,0.5555555554320988,0.33531122745782427,0.20418848167539266,0.4016630736064059,0.5479519556513706,-0.07955914565454023,16235.0,118.0163197586727,108.29450980392154,9.721809954751151
2024-2025,LAC,6,0.2,0.4999999999500001,0.8154818324618959,0.0,0.0,0.1359136387572407,0.2,0.4,0.6000000000000001,-0.21174225204140007,6330.0,116.58388625592418,106.91453396524486,9.669352290679328
2024-2025,LAL,8,0.19506397957482072,0.35833476324839314,0.6010471047869059,0.12766834426453824,0.2499999999375,0.2512493593029216,0.20937980522808816,0.4187596104561763,0.5890568939005638,0.024731184129471676,7804.0,116.57301101591189,111.00379436964505,5.569216646266838
2024-2025,MEM,6,0.20334056076244514,0.49409732689294317,0.8623263007233601,-2.220446049250313e-16,0.0,0.17826086956521747,0.21985233798195242,0.43970467596390483,0.6421657095980311,-0.1683078648936963,6095.0,120.16641791044776,111.5052985074627,8.661119402985065
2024-2025,MEM,5,0.0,0.49999999995,0.9999999999,0.0,0.0,0.0,0.2,0.4,0.6000000000000001,1.0,2495.0,127.9,100.8,27.10000000000001
2024-2025,MIA,9,0.17499479845152616,0.30220780371231837,0.5018249444314559,0.06827323711387973,0.11111111108641974,0.2793296089385475,0.21502172563625077,0.4160148975791434,0.5633767846058348,-0.0065675234076196945,8055.0,109.2487297921478,115.21183602771362,-5.963106235565817
2024-2025,MIL,9,0.21310046267856286,0.37487995352123005,0.6111784353438067,0.14229482839825658,0.33333333325925923,0.298643324510138,0.19757842597688496,0.372041827187672,0.5456403805330607,0.06696802643941913,12719.0,119.67276190476193,111.62121904761905,8.051542857142877
2024-2025,MIL,5,0.0,0.49999999995,0.9999999999,0.0,0.0,0.0,0.2,0.4,0.6000000000000001,1.0,3265.0,110.89999999999999,113.0,-2.1000000000000085
2024-2025,MIN,8,0.13990289934266434,0.3076246010691827,0.5410384249276233,0.0841417518298917,0.2499999999375,0.16324221996490906,0.18362729707267522,0.3383507249053468,0.48965740142210734,0.10332178047617227,21658.0,117.75417622762735,110.48022028453418,7.273955943093171
2024-2025,MIN,5,0.0,0.49999999995,0.9999999999,0.0,0.0,0.0,0.2,0.4,0.6000000000000001,1.0,7155.0,114.89999999999999,110.10000000000001,4.799999999999983
2024-2025,NOP,5,0.12394234772781347,0.6157185289287705,0.9999999998674317,0.0,0.0,0.11057071960297762,0.2317617866004963,0.4635235732009926,0.6952853598014889,-0.12799631949652865,4030.0,117.26531049250535,121.4017130620985,-4.136402569593145
2024-2025,NYK,9,0.2308540404734501,0.3760177000616335,0.7106655382681735,0.03342988980561534,0.11111111108641974,0.34478776529338323,0.19405430711610486,0.3724250936329588,0.5431179775280899,0.08435041193679575,21360.0,120.59711962833912,113.5603948896632,7.036724738675915
2024-2025,NYK,5,0.0,0.49999999995,0.9999999999,0.0,0.0,0.0,0.2,0.4,0.6000000000000001,1.0,9490.0,119.9,115.8,4.1000000000000085
2024-2025,OKC,7,0.23909430389936362,0.4475180064410373,0.7365158316169068,-1.1102230246251565e-16,0.0,0.23537615750125682,0.20388239300715177,0.40776478601430355,0.6116471790214553,0.2129080165306386,8809.0,120.60239420935412,103.36202672605789,17.240367483296225
2024-2025,OKC,5,0.0,0.49999999995,0.9999999999,0.0,0.0,0.0,0.2,0.4,0.6000000000000001,1.0,3340.0,117.2,101.8,15.400000000000006
2024-2025,ORL,9,0.1862769232795622,0.3151654658390295,0.5602639376247008,0.12893714655577712,0.33333333325925923,0.2737262737262738,0.20729270729270732,0.385914085914086,0.5274725274725276,-0.03754483782155654,10010.0,109.80954216867468,105.2818313253012,4.527710843373484
2024-2025,PHI,4,0.11340996168582389,0.8596121840588173,0.8596121840588173,0.0,0.0,0.07218219248584656,0.28409675759135355,0.5681935151827071,0.7920741121976325,-0.24689995640229123,1943.0,114.63867069486405,114.64078549848942,-0.0021148036253748614
2024-2025,PHX,10,0.17007228045346937,0.2580579692576645,0.4328910510909787,0.0765640017851497,0.37416573856514435,0.2911764705882353,0.19794584500466852,0.3803688141923436,0.5316293183940243,-0.02931961099942222,8568.0,121.24880356149137,119.70239287701725,1.5464106844741252
2024-2025,POR,8,0.15785369458707144,0.2870191514596465,0.524039575851874,0.00025106671168114575,0.499999999875,0.1867749419953596,0.20185614849187936,0.3517567119655287,0.5004143188597945,-0.0516498932364279,12068.0,108.7811986863711,113.29380131362888,-4.5126026272577775
2024-2025,POR,5,0.0,0.49999999995,0.9999999999,0.0,0.0,0.0,0.2,0.4,0.6000000000000001,1.0,2565.0,102.9,117.1,-14.199999999999989
2024-2025,SAC,9,0.22329917672133323,0.3400158022294438,0.5654257430914783,0.04575711635620776,0.33333333325925923,0.31337037256724076,0.19686814164541194,0.3818731834628388,0.5600569428791744,0.0273963207059546,16859.0,120.02734967892586,116.01345592527728,4.013893753648574
2024-2025,SAC,5,0.0,0.49999999995,0.9999999999,0.0,0.0,0.0,0.2,0.4,0.6000000000000001,1.0,4545.0,117.7,116.5,1.2000000000000028
2024-2025,SAS,10,0.16474432857005025,0.2662597646748161,0.45907897516074664,0.08072958712934306,0.37416573856514435,0.2660262725779967,0.16683087027914612,0.33366174055829223,0.4670771756978652,0.15989331447511873,12180.0,116.04910251296367,116.2668129238133,-0.21771041084963372
2024-2025,TOR,6,0.11933827584051897,0.398815773447202,0.7270022673158063,1.1102230246251565e-16,0.0,0.09938004382448835,0.21164021164021163,0.4061247394580728,0.5783229116562449,-0.14431602806953747,6237.0,111.34272727272727,110.68227272727273,0.6604545454545416
2024-2025,UTA,5,0.05441176470588235,0.5476804123111432,0.9999999998904637,0.0,0.0,0.03640836408364088,0.2091020910209102,0.4182041820418204,0.6273062730627306,2.4092182646611192e-15,2439.0,123.70684713375795,121.47197452229298,2.234872611464965
2024-2025,WAS,9,0.14320811940644235,0.2835636674383628,0.5214004202045216,0.07789253493276188,0.11111111108641974,0.21539453595440625,0.1644618929760178,0.31842621831526846,0.4685499701288726,0.05498181000801445,11717.0,106.18742926434922,120.38156831042845,-14.19413904607923
2024-2025,WAS,5,0.0,0.49999999995,0.9999999999,0.0,0.0,0.0,0.2,0.4,0.6000000000000001,1.0,2320.0,87.3,120.8,-33.5
