season,team,n_players,degree_centralization,edge_concentration_top5,edge_concentration_top10,modularity_Q,community_size_cv,minutes_gini,minutes_top1_share,minutes_top2_share,minutes_top3_share,minutes_assortativity,total_player_minutes,team_off_ppp,team_def_ppp,team_net_rating,salary_gini,salary_top1_share,salary_top2_share,salary_top3_share,salary_assortativity,n_salary_matched,n_players_thresholded
2020-2021,ATL,9,0.226248456386588,0.3697626820488703,0.5808310030508376,0.0363699578887952,0.5555555554320988,0.3127419560338322,0.1948487254123665,0.3868748346123313,0.5549969127635177,-0.0305199917716863,11337.0,121.975542322416,109.57643555933645,12.399106763079558,,,,,,,
2020-2021,BKN,7,0.1959448987649072,0.3831619524093858,0.6548665542148744,-2.220446049250313e-16,0.0,0.1825513367363586,0.20362212432697,0.3909283733072278,0.5584924131179637,-0.1293184428722832,6129.0,116.16666666666669,116.2798878205128,-0.1132211538461405,,,,,,,
2020-2021,BOS,6,0.1335489047359293,0.4049335783292703,0.73459152822077,2.220446049250313e-16,0.0,0.1069887834339948,0.2094477998274374,0.4188955996548749,0.5839085418464194,-0.0744941030970266,4636.0,121.12028836251288,120.50308959835222,0.617198764160662,,,,,,,
2020-2021,CHA,8,0.168593394114291,0.3054455831998737,0.5310962598201528,0.0245738598265144,0.499999999875,0.2116526725373746,0.2091951669055908,0.3724144992832275,0.5356338316608642,0.1821041611698941,9766.0,110.70264317180616,114.56666666666663,-3.864023494860476,,,,,,,
2020-2021,CHA,5,0.0,0.49999999995,0.9999999999,0.0,0.0,0.0,0.2,0.4,0.6000000000000001,1.0,2645.0,99.4,111.7,-12.299999999999995,,,,,,,
2020-2021,CHI,9,0.1574175239124354,0.2802540175409814,0.4921977107021977,0.0920372495180885,0.3333333332592592,0.2382053978268489,0.2132492113564669,0.3779179810725552,0.5389274447949528,-0.0233341293538748,7925.0,106.44810650887575,114.8133727810651,-8.365266272189345,,,,,,,
2020-2021,CLE,9,0.1886071161595472,0.3184245389894073,0.5159854142636209,0.0833350543325355,0.3333333332592592,0.2697120991731206,0.2065102016747257,0.3794079490505956,0.5396862837598774,-0.0259634438377198,8479.0,105.78229583095376,111.8615648201028,-6.079268989149043,,,,,,,
2020-2021,DAL,8,0.2005371966974657,0.3556678627524943,0.6263174996880249,0.0545223131668562,0.2499999999375,0.2546140939597315,0.1895973154362416,0.379065565307176,0.5565307176045431,0.1666599683565362,7748.0,124.3509148264984,114.74712933753942,9.60378548895899,0.35416810194986786,0.4854013578943124,0.6643881792930737,0.8015197705374202,-0.2483269825032848,5.0,5.0
2020-2021,DAL,5,0.0,0.49999999995,0.9999999999,0.0,0.0,0.0,0.2,0.4,0.6000000000000001,1.0,2925.0,122.9,111.7,11.200000000000005,0.35416810194986786,0.4854013578943124,0.6643881792930737,0.8015197705374202,-0.2483269825032848,5.0,5.0
2020-2021,DEN,9,0.2003789288045718,0.3265363451686831,0.5856051574896319,0.0802126476096721,0.1111111110864197,0.2820771132887627,0.2071618280062276,0.3696309185822877,0.5310925908966022,-0.0390898766907156,10919.0,124.494341290893,116.29849690539346,8.195844385499527,0.2240459815481084,0.3667526734624599,0.7054854372596158,0.8758538523741412,0.03437989152122325,4.0,5.0
2020-2021,DEN,5,0.0,0.49999999995,0.9999999999,0.0,0.0,0.0,0.2,0.4,0.6000000000000001,1.0,2440.0,125.6,115.9,9.699999999999989,0.2240459815481084,0.3667526734624599,0.7054854372596158,0.8758538523741412,0.03437989152122325,4.0,5.0
2020-2021,DET,7,0.1984229834693985,0.389548187398176,0.6734301263522444,0.0297055457963164,0.1428571428163265,0.1740956581088884,0.2017640573318632,0.4035281146637265,0.5619257625872841,-0.0976235189760012,5442.0,110.63674121405752,113.5379392971246,-2.9011980830670723,,,,,,,
2020-2021,GSW,8,0.243209037895767,0.3828131261401253,0.617484804821057,0.0048295192758937,0.2499999999375,0.2708178955168581,0.2110040755835494,0.4036680251945165,0.5963319748054835,-0.1112976522682742,10796.0,110.10487269534678,108.5233538191396,1.581518876207184,0.42995339532788207,0.34587000343349855,0.5834556680877757,0.7623723304203136,-0.11867353170790941,7.0,7.0
2020-2021,GSW,7,0.2,0.4545454545041322,0.686776859441698,0.0811994262686976,0.4285714284489796,0.1739220779220779,0.2,0.4,0.6000000000000001,-0.0681620576077926,5500.0,107.46490909090907,109.10527272727272,-1.640363636363631,0.42995339532788207,0.34587000343349855,0.5834556680877757,0.7623723304203136,-0.11867353170790941,7.0,7.0
2020-2021,HOU,5,0.1101699560308148,0.5880733704668966,0.999999999849484,0.0,0.0,0.1185520361990949,0.2477375565610859,0.4935897435897436,0.6979638009049773,-0.0147665771789006,2652.0,114.19882659713168,117.30156453715776,-3.102737940026074,,,,,,,
2020-2021,IND,11,0.1838588774022538,0.3034589655971939,0.4950557383939592,0.1626128678809629,0.1285648692715818,0.3579635340929066,0.1882580418351204,0.3551590789242397,0.5209175602039022,0.2314118260893051,11378.0,109.34162046908315,112.01296375266526,-2.671343283582104,0.2388382155797501,0.2913288173050669,0.5699911642925222,0.8162836426905254,-0.23714893482279242,5.0,5.0
2020-2021,IND,5,0.0,0.49999999995,0.9999999999,0.0,0.0,0.0,0.2,0.4,0.6000000000000001,1.0,2470.0,113.6,108.2,5.399999999999992,0.2388382155797501,0.2913288173050669,0.5699911642925222,0.8162836426905254,-0.23714893482279242,5.0,5.0
2020-2021,LAC,8,0.1289647056690866,0.3512561698936715,0.6062789523422891,0.1686200999856782,0.2499999999375,0.1534319356691555,0.2063469270534176,0.3809592188397472,0.4955485353245261,-0.1150772261948941,6964.0,121.62477383437718,107.55066109951288,14.074112734864316,0.39463805141413816,0.37696598101800033,0.7425400442479547,0.8843215545611403,-0.24275132537310698,5.0,5.0
2020-2021,LAC,5,0.0,0.49999999995,0.9999999999,0.0,0.0,0.0,0.2,0.4,0.6000000000000001,1.0,2660.0,119.5,102.6,16.900000000000006,0.39463805141413816,0.37696598101800033,0.7425400442479547,0.8843215545611403,-0.24275132537310698,5.0,5.0
2020-2021,LAL,9,0.1573023719520291,0.289916725157718,0.5115418084679033,0.1445208188870082,0.1111111110864197,0.2244753202319856,0.1688571786206033,0.3251971460758543,0.4754036800600826,0.1805027245712978,7989.0,110.3075801749271,105.77434402332362,4.533236151603475,0.36639068795560165,0.3822594412620923,0.7013843042400107,0.8573307280273998,-0.20593285703963196,5.0,5.0
2020-2021,LAL,5,0.0,0.49999999995,0.9999999999,0.0,0.0,0.0,0.2,0.4,0.6000000000000001,1.0,2920.0,117.1,104.3,12.799999999999995,0.36639068795560165,0.3822594412620923,0.7013843042400107,0.8573307280273998,-0.20593285703963196,5.0,5.0
2020-2021,MEM,7,0.2389569581912118,0.4845795335101749,0.7861297089449929,0.0195845705454928,0.4285714284489796,0.2481704111068479,0.2102854869193275,0.4072416194170894,0.6036009151497066,0.0132283080685797,10053.0,115.01750236518446,107.41589403973512,7.601608325449348,0.3101692858475708,0.30270216165667685,0.5327558045157512,0.7245700922999432,-0.18952001006783356,6.0,6.0
2020-2021,MEM,6,0.1999999999999999,0.4999999999500001,0.8704186684098697,-2.220446049250313e-16,0.0,0.1450697780828185,0.2,0.4,0.6000000000000001,-0.1728965612807399,7285.0,117.12958133150308,107.69574468085108,9.433836650651998,0.3101692858475708,0.30270216165667685,0.5327558045157512,0.7245700922999432,-0.18952001006783356,6.0,6.0
2020-2021,MIA,8,0.2141658004112951,0.3810755990400841,0.6299189360686852,0.0772462117612108,0.499999999875,0.2716841399487992,0.2151651834694624,0.416554918932098,0.597586248933317,0.0956943114345009,8203.0,114.94793201133145,107.1087818696884,7.83915014164306,,,,,,,
2020-2021,MIL,7,0.2289479358911751,0.4367617338707596,0.8046761134658023,0.0154797077799905,0.4285714284489796,0.2320406101140354,0.2000673627484001,0.3999663186257999,0.5823509599191647,0.0457261649014748,11876.0,119.74301856335757,108.26658595641644,11.476432606941104,0.292943964582863,0.3234094822314987,0.5927704597981494,0.8459669242450505,0.12950473458137815,5.0,5.0
2020-2021,MIL,5,0.0,0.49999999995,0.9999999999,0.0,0.0,0.0,0.2,0.4,0.6000000000000001,1.0,5705.0,118.5,108.2,10.299999999999995,0.292943964582863,0.3234094822314987,0.5927704597981494,0.8459669242450505,0.12950473458137815,5.0,5.0
2020-2021,MIN,9,0.1999575922100319,0.320354105925539,0.5213449484217176,0.017245736018463,0.3333333332592592,0.2328086451926752,0.1735640571249869,0.3440008339414156,0.5071406233712081,-0.0340067312562485,9593.0,112.54950634696756,110.32082745651152,2.228678890456038,,,,,,,
2020-2021,NOP,11,0.1602257562142744,0.2990861149417018,0.5592240866899656,0.2741383319638288,0.0909090908925619,0.3828194593101543,0.1801747056589441,0.3589061906570452,0.5199392328142802,0.5524779749221431,13165.0,118.47743589743588,113.48575091575093,4.991684981684969,0.23147164431570602,0.31149563582148104,0.5987002457223065,0.7763281655345269,-0.19770993105756737,5.0,5.0
2020-2021,NOP,5,0.0,0.49999999995,0.9999999999,0.0,0.0,0.0,0.2,0.4,0.6000000000000001,1.0,6300.0,117.5,114.7,2.799999999999997,0.23147164431570602,0.31149563582148104,0.5987002457223065,0.7763281655345269,-0.19770993105756737,5.0,5.0
2020-2021,NYK,10,0.1687226163650674,0.3016761029163743,0.5296877379245615,0.2730501280700504,0.19999999996,0.3212719799040878,0.1896551724137931,0.3728591002511989,0.5336263987211691,0.369345483078943,17516.0,111.09991606043648,107.99278119753777,3.107134862898718,0.37719775741951106,0.4318754125809786,0.6199756637062483,0.7517547909207722,-0.23847786470214954,6.0,6.0
2020-2021,NYK,6,0.1999999999999999,0.4999999999499999,0.8348837208467441,2.220446049250313e-16,0.0,0.1391472868217054,0.2,0.4,0.6000000000000001,-0.2405649300546815,9460.0,108.06627906976745,110.19593023255814,-2.129651162790708,0.37719775741951106,0.4318754125809786,0.6199756637062483,0.7517547909207722,-0.23847786470214954,6.0,6.0
2020-2021,OKC,9,0.1943966207626206,0.3043235351397949,0.5241360702153952,0.1399334668917175,0.1111111110864197,0.2177998894416806,0.1751954513148543,0.3503909026297086,0.4977493484956172,0.019837391279576,8442.0,99.92462039045552,115.27066160520609,-15.346041214750542,,,,,,,
2020-2021,ORL,8,0.1380989556446178,0.3734459780077155,0.6362213721630342,0.2078501514303133,0.0,0.1625615763546798,0.1852764094143404,0.3631636562671046,0.4964422550629447,-0.0157649863103026,3654.0,104.99833518312984,112.38435072142065,-7.386015538290778,,,,,,,
2020-2021,PHI,10,0.1139424278482129,0.2932776371807579,0.5432913706790253,0.3742733059328105,0.0,0.3286015672091621,0.1830168776371308,0.3456148282097649,0.5064044605183846,0.7244136550870147,13272.0,116.25844107868488,106.43808644255634,9.820354636128542,0.2319970730669688,0.2920172045705588,0.5517410357788972,0.8028197295534413,-0.26257219015433475,5.0,5.0
2020-2021,PHI,5,0.0,0.49999999995,0.9999999999,0.0,0.0,0.0,0.2,0.4,0.6000000000000001,1.0,6745.0,120.1,104.1,16.0,0.2319970730669688,0.2920172045705588,0.5517410357788972,0.8028197295534413,-0.26257219015433475,5.0,5.0
2020-2021,PHX,8,0.2587620362087526,0.4491641756263342,0.7911793423415482,0.0122215262545274,0.499999999875,0.3200853043815432,0.1975571927103528,0.3924647796303476,0.5862737495153161,-0.0169372096733445,15474.0,120.37587622355542,111.78721187243448,8.588664351120954,,,,,,,
2020-2021,PHX,5,0.0,0.49999999995,0.9999999999,0.0,0.0,0.0,0.2,0.4,0.6000000000000001,1.0,7165.0,118.8,113.3,5.5,,,,,,,
2020-2021,POR,9,0.1787444365335878,0.2914266768411846,0.5258848060609045,0.1435597794392924,0.1111111110864197,0.2414079500340526,0.2019733891463597,0.3836896397069816,0.5041859769771266,-0.071009050933785,13378.0,119.69548524706718,111.83370067543548,7.861784571631716,0.26391576559233343,0.29799557422160994,0.57457635584254,0.6960180855796282,0.14863249944072507,6.0,8.0
2020-2021,POR,8,0.1428571428571428,0.3846153845857988,0.6718856364357229,0.2462203904519126,0.2499999999375,0.1851769911504424,0.2,0.4,0.5156342182890856,0.0121170889315195,6780.0,122.0575221238938,107.45132743362832,14.606194690265482,0.26391576559233343,0.29799557422160994,0.57457635584254,0.6960180855796282,0.14863249944072507,6.0,8.0
2020-2021,SAC,6,0.1878776870274028,0.488626047097686,0.7959350545844707,-4.440892098500626e-16,0.0,0.1358646519436911,0.2080588919023634,0.4041069352963968,0.598411468423092,-0.041735766983619,10324.0,118.93733705772812,114.80940409683426,4.127932960893872,0.3589891446552282,0.33922610006838955,0.6443134134048906,0.7674095624445537,-0.005321780809571184,6.0,6.0
2020-2021,SAC,6,0.1999999999999999,0.4999999999500001,0.8025142856340346,2.220446049250313e-16,0.0,0.1337523809523809,0.1999999999999999,0.3999999999999999,0.6,-0.1692018914880014,8750.0,121.75565714285716,114.59874285714284,7.1569142857142936,0.3589891446552282,0.33922610006838955,0.6443134134048906,0.7674095624445537,-0.005321780809571184,6.0,6.0
2020-2021,SAS,10,0.1695565457725423,0.3003350110177217,0.5539585372333496,0.2063370668588276,0.39999999992,0.2981165203511572,0.1832402234636871,0.3573822825219473,0.509098164405427,0.2848418729016574,12530.0,112.46043869956914,113.38397963180572,-0.9235409322365769,0.4464082272562969,0.4980948751647248,0.7546121714709854,0.9000878238658803,-0.03476041931040776,5.0,5.0
2020-2021,SAS,5,0.0,0.49999999995,0.9999999999,0.0,0.0,0.0,0.2,0.4,0.6000000000000001,1.0,3440.0,118.5,111.8,6.700000000000003,0.4464082272562969,0.4980948751647248,0.7546121714709854,0.9000878238658803,-0.03476041931040776,5.0,5.0
2020-2021,TOR,7,0.222504601951684,0.4202870445723187,0.688546697887319,4.440892098500626e-16,0.0,0.2167803359729024,0.212431912848446,0.4085229093239346,0.6046139057994233,-0.0523675838984274,6242.0,118.1759426847662,109.49871794871794,8.67722473604826,,,,,,,
2020-2021,UTA,10,0.1399700785448027,0.2529517064113009,0.4398505107070017,0.073400914223581,0.19999999996,0.2479492452756973,0.1557952737573241,0.3059252648325637,0.4474797252725933,0.1747892629459315,25771.0,119.97655105973028,107.16778420038534,12.808766859344942,0.3828443027198196,0.27213368937512555,0.4892252617588924,0.6285173641672095,-0.007355954499621067,9.0,9.0
2020-2021,UTA,9,0.12870403659373,0.3473117761687472,0.5762132399412006,0.1577558355419807,0.1111111110864197,0.2173087660524846,0.1542713567839196,0.3085427135678392,0.4559463986599664,0.4293079078649278,11940.0,119.33567839195982,107.84346733668342,11.4922110552764,0.3828443027198196,0.27213368937512555,0.4892252617588924,0.6285173641672095,-0.007355954499621067,9.0,9.0
2020-2021,WAS,9,0.1596049948924013,0.3169038769523352,0.5192924360763088,0.1731023853203296,0.1111111110864197,0.2515075609982373,0.1923183968828277,0.3740606735318675,0.5558029501809073,0.1606725543189133,7186.0,109.94869739478956,116.12685370741484,-6.178156312625276,,,,,,,
2021-2022,ATL,11,0.1496357970321147,0.2569949941686972,0.4557302101692056,0.2305779358883596,0.2727272726776859,0.3237614527898172,0.1704888352444176,0.335908267954134,0.4782739891369946,0.4000734272228486,16570.0,120.11258971291866,111.40855263157896,8.704037081339706,,,,,,,
2021-2022,BKN,7,0.1678820937236805,0.4243765342047748,0.7389184016443894,0.0103510298501793,0.4285714284489796,0.2026347305389222,0.2311377245508982,0.4196407185628742,0.6033532934131737,-0.2069338077442381,4175.0,114.88341143392692,107.76663542642925,7.116776007497663,,,,,,,
2021-2022,BOS,7,0.1570050562352092,0.363737566358063,0.6947623895672241,0.0139706582677777,0.4285714284489796,0.175531914893617,0.2113932738503774,0.3837508579272477,0.5466712422786548,-0.0274855611041317,11656.0,118.91599025974024,103.44955357142857,15.466436688311704,0.2547082917740749,0.28843333035562685,0.5655406680265589,0.820380450311329,0.288559869263908,5.0,5.0
2021-2022,BOS,5,0.0,0.49999999995,0.9999999999,0.0,0.0,0.0,0.2,0.4,0.6000000000000001,1.0,4535.0,119.1,94.8,24.3,0.2547082917740749,0.28843333035562685,0.5655406680265589,0.820380450311329,0.288559869263908,5.0,5.0
2021-2022,CHA,8,0.2326059040441743,0.3971173587534652,0.6322020056243244,0.0052318038683359,0.499999999875,0.2700444292549555,0.2017088174982911,0.3911141490088858,0.5759398496240602,0.0467570762145234,14630.0,114.68983395459166,113.06709589969503,1.6227380548966297,,,,,,,
2021-2022,CHA,6,0.2,0.4999999999499999,0.8150134047442358,0.0,0.0,0.1358355674709561,0.2,0.4,0.6000000000000001,-0.2381007908474172,7460.0,112.98203753351208,109.81112600536194,3.1709115281501283,,,,,,,
2021-2022,CHI,8,0.2156149876185898,0.3639508009207574,0.5978601181605497,0.0139839709287702,0.2499999999375,0.2564439492052812,0.2012446388024556,0.3966024724581616,0.5880918341602892,0.0558713713951607,11891.0,113.55162055335968,111.43391304347826,2.117707509881413,,,,,,,
2021-2022,CLE,6,0.1918567105526994,0.4804057781119044,0.8800068119451723,0.0,0.0,0.17255427640225,0.2245702570572465,0.4292698312568996,0.6194606528938654,0.0061361949583337,6341.0,115.3070926966292,106.2810393258427,9.026053370786514,,,,,,,
2021-2022,DAL,8,0.2278532787366068,0.379536561290982,0.6424514187850026,0.0414276965361188,0.499999999875,0.2708666666666666,0.2,0.4,0.5656533333333333,0.1731867838257745,9375.0,115.59178666666666,112.95536,2.636426666666665,0.270333840694941,0.30279710038427743,0.5808423474348197,0.841441677249643,-0.1909313683261525,5.0,5.0
2021-2022,DAL,5,0.0,0.49999999995,0.9999999999,0.0,0.0,0.0,0.2,0.4,0.6000000000000001,1.0,3540.0,128.0,113.3,14.700000000000005,0.270333840694941,0.30279710038427743,0.5808423474348197,0.841441677249643,-0.1909313683261525,5.0,5.0
2021-2022,DEN,9,0.2337632319409493,0.4040271518266108,0.727617528211142,0.1237684360515128,0.3333333332592592,0.3440594749909337,0.1915641476274165,0.3734622144112478,0.5544187798142104,0.3193753724020063,15932.0,119.4684981684982,110.27161172161172,9.196886446886468,0.3140231997210304,0.40201583572577315,0.6182276670683036,0.8241080454955448,-0.19052028945474087,5.0,5.0
2021-2022,DEN,5,0.0,0.49999999995,0.9999999999,0.0,0.0,0.0,0.2,0.4,0.6000000000000001,1.0,7815.0,122.9,112.9,10.0,0.3140231997210304,0.40201583572577315,0.6182276670683036,0.8241080454955448,-0.19052028945474087,5.0,5.0
2021-2022,DET,8,0.2001867330016765,0.3449088269788878,0.5928999358632485,0.0040083096440062,0.499999999875,0.252237532262093,0.2084755640662725,0.3930563649987511,0.5634002164682375,-0.1212375882967324,12011.0,102.91198083067091,114.333785942492,-11.4218051118211,0.3668930277390879,0.4079087703699474,0.6128597560602569,0.7619317776277768,-0.2517220611043872,6.0,6.0
2021-2022,DET,6,0.2,0.4999999999499998,0.8050139274961001,-4.440892098500626e-16,0.0,0.1341689879294335,0.2,0.4000000000000001,0.6000000000000002,-0.2498342884812829,5385.0,105.86685236768804,112.34233983286909,-6.475487465181047,0.3668930277390879,0.4079087703699474,0.6128597560602569,0.7619317776277768,-0.2517220611043872,6.0,6.0
2021-2022,GSW,7,0.2101651418179028,0.4280323704011144,0.727381449239173,0.0098454508332959,0.4285714284489796,0.2165474974463739,0.2086312563840653,0.4034729315628192,0.5978038815117467,-0.0829702187129167,7832.0,111.78824969400245,105.68610771113832,6.102141982864126,0.4180738414017925,0.42106314268717604,0.7115095521741227,0.9324914087640356,-0.27896183346235875,5.0,5.0
2021-2022,GSW,5,0.0,0.49999999995,0.9999999999,0.0,0.0,0.0,0.2,0.4,0.6000000000000001,1.0,3695.0,111.6,104.0,7.599999999999994,0.4180738414017925,0.42106314268717604,0.7115095521741227,0.9324914087640356,-0.27896183346235875,5.0,5.0
2021-2022,HOU,9,0.1993235382909611,0.3572867946976276,0.5944661585743326,0.0810960395050736,0.3333333332592592,0.2864357864357864,0.1777983920841064,0.3510358688930118,0.5140692640692642,0.1531710948117888,12936.0,105.70890538033396,115.00571428571432,-9.296808905380374,0.4100269437789654,0.41239303823618156,0.7217456168003981,0.9252890452723982,0.004754607088494597,5.0,5.0
2021-2022,HOU,5,0.0,0.49999999995,0.9999999999,0.0,0.0,0.0,0.2,0.4,0.6000000000000001,1.0,3655.0,112.6,110.4,2.1999999999999886,0.4100269437789654,0.41239303823618156,0.7217456168003981,0.9252890452723982,0.004754607088494597,5.0,5.0
2021-2022,IND,6,0.1478125396946413,0.397925806942399,0.7362320510192025,2.220446049250313e-16,0.0,0.1074959760864565,0.2055644975856518,0.4111289951713037,0.5985283973327202,0.0350448450984999,4349.0,111.13477851083884,112.72789820923656,-1.593119698397743,,,,,,,
2021-2022,LAC,9,0.1985475525172148,0.3242910254178726,0.5526160571594596,0.0770425486339843,0.4714045206338969,0.240262052268034,0.1827600939970091,0.3655201879940183,0.5091860713522751,0.0775842468093061,9362.0,109.08121212121212,112.70343434343437,-3.62222222222222,,,,,,,
2021-2022,LAL,8,0.1586078924535644,0.2831966134310235,0.512665592230296,0.0420590390904548,0.2499999999375,0.1665144133170929,0.1948842874543239,0.368250101502233,0.5103532277710109,-0.0201915472091287,4926.0,111.28022388059702,110.81194029850748,0.4682835820895548,,,,,,,
2021-2022,MEM,9,0.1802946011754171,0.3006826895819277,0.5224269933604986,0.0812460818993993,0.2721655268851868,0.2374578894655375,0.1873804971319312,0.3569152326322499,0.5151597924064465,0.0816183719109,10983.0,117.3329401485365,110.01227610310178,7.320664045434711,,,,,,,
2021-2022,MIA,9,0.1804983755047007,0.3190368848784675,0.5844151248691527,0.1410564952150909,0.1111111110864197,0.2679486462817,0.1817876907596847,0.3457990944155626,0.4982391413717927,0.3429004801129438,11926.0,114.26803245436106,103.977322515213,10.290709939148073,0.24836720774211135,0.31686583841526156,0.5641172123302005,0.8015200572340142,-0.1935592177451073,5.0,5.0
2021-2022,MIA,5,0.0,0.49999999995,0.9999999999,0.0,0.0,0.0,0.2,0.4,0.6000000000000001,1.0,4180.0,111.1,98.2,12.899999999999991,0.24836720774211135,0.31686583841526156,0.5641172123302005,0.8015200572340142,-0.1935592177451073,5.0,5.0
2021-2022,MIL,6,0.1167829743523109,0.4342307443609714,0.8372004410677992,3.3306690738754696e-16,0.0,0.1196030003658982,0.1995060373216245,0.398463227222832,0.5795828759604831,-0.1386690950582266,7288.0,117.86566303651504,109.18212684176812,8.683536194746935,0.35890779126072336,0.34701677971393313,0.6601214962722283,0.9258930086080513,-0.15412765062388747,5.0,5.0
2021-2022,MIL,5,0.0,0.49999999995,0.9999999999,0.0,0.0,0.0,0.2,0.4,0.6000000000000001,1.0,3680.0,116.7,108.9,7.799999999999997,0.35890779126072336,0.34701677971393313,0.6601214962722283,0.9258930086080513,-0.15412765062388747,5.0,5.0
2021-2022,MIN,7,0.1780106603837296,0.3599744990867045,0.6628219628529681,0.003088029950252,0.4285714284489796,0.1532318666651712,0.188819973306116,0.3759126952971657,0.5350553505535056,0.0098984803833434,12737.0,117.82152140672784,111.27335626911317,6.548165137614674,0.3327884182220819,0.3507746953338474,0.6834058719435303,0.8421213529321904,-0.2442006887165852,5.0,5.0
2021-2022,MIN,5,0.0,0.49999999995,0.9999999999,0.0,0.0,0.0,0.2,0.4,0.6000000000000001,1.0,4495.0,120.7,107.8,12.900000000000006,0.3327884182220819,0.3507746953338474,0.6834058719435303,0.8421213529321904,-0.2442006887165852,5.0,5.0
2021-2022,NOP,9,0.2040431893908945,0.331005772628527,0.5830865528548631,0.0931810184709625,0.5555555554320988,0.2843084948722508,0.1911790858972079,0.3672416859327761,0.5358349635425931,0.0754435851937629,11246.0,116.87955145118735,109.09753737906772,7.7820140721196225,0.3841320115795883,0.5246386719793191,0.7738918027766799,0.9697335484031777,-0.18873141523269069,4.0,5.0
2021-2022,NOP,5,0.0,0.49999999995,0.9999999999,0.0,0.0,0.0,0.2,0.4,0.6000000000000001,1.0,3445.0,114.9,102.3,12.600000000000009,0.3841320115795883,0.5246386719793191,0.7738918027766799,0.9697335484031777,-0.18873141523269069,4.0,5.0
2021-2022,NYK,10,0.1890946300427377,0.3324700624720436,0.5653377755286212,0.1814149522472408,0.19999999996,0.3449179095124702,0.178907131219451,0.3541797217696453,0.5243138237874421,0.3804377456366248,15958.0,112.491977333731,113.2775424992544,-0.7855651655234226,0.2954611045696021,0.3016735844888828,0.5628628329520311,0.7081537067745557,-0.10495028311169524,6.0,6.0
2021-2022,NYK,6,0.2,0.4999999999500001,0.8024347825284524,-2.220446049250313e-16,0.0,0.1337391304347826,0.2,0.4000000000000001,0.6000000000000002,-0.2173469256762389,8625.0,110.37304347826088,116.1805217391304,-5.807478260869544,0.2954611045696021,0.3016735844888828,0.5628628329520311,0.7081537067745557,-0.10495028311169524,6.0,6.0
2021-2022,OKC,7,0.2314817046835608,0.4348045622334616,0.7643874946429641,2.220446049250313e-16,0.0,0.2018788252597619,0.2045831949518432,0.389239455330455,0.5738957157090668,0.1886133136798569,6022.0,100.35232558139532,120.48317373461012,-20.130848153214785,0.2678702008578229,0.33679818875918616,0.645897257541442,0.7872445054170908,-0.16926549983406236,5.0,5.0
2021-2022,OKC,5,0.0,0.49999999995,0.9999999999,0.0,0.0,0.0,0.2,0.4,0.6000000000000001,1.0,2665.0,95.7,113.3,-17.599999999999994,0.2678702008578229,0.33679818875918616,0.645897257541442,0.7872445054170908,-0.16926549983406236,5.0,5.0
2021-2022,ORL,9,0.1827376295213781,0.3438664792878342,0.5862532182155317,0.0972189434897036,0.3333333332592592,0.2747698398969804,0.1746237675142709,0.3460473966441792,0.505275903822868,0.2056270900595013,11562.0,105.22239627434377,108.86689246401356,-3.644496189669781,0.1374575361212317,0.2562293981613213,0.4904974381434073,0.713691718477674,0.3338915735010533,5.0,5.0
2021-2022,ORL,5,0.0,0.49999999995,0.9999999999,0.0,0.0,0.0,0.2,0.4,0.6000000000000001,1.0,4420.0,102.3,103.5,-1.2000000000000028,0.1374575361212317,0.2562293981613213,0.4904974381434073,0.713691718477674,0.3338915735010533,5.0,5.0
2021-2022,PHI,8,0.2445901013671313,0.3923453103225525,0.6446812003932249,0.0127881160242643,0.499999999875,0.267789740070344,0.197220554173458,0.394441108346916,0.5811958479883332,0.0352618158618749,11657.0,115.89262597296188,108.55997541990988,7.332650553051991,0.3974170807861569,0.37766231543606427,0.6844566308523552,0.9536085031133752,-0.05598121850837672,5.0,5.0
2021-2022,PHI,5,0.0,0.49999999995,0.9999999999,0.0,0.0,0.0,0.2,0.4,0.6000000000000001,1.0,3300.0,123.3,103.0,20.3,0.3974170807861569,0.37766231543606427,0.6844566308523552,0.9536085031133752,-0.05598121850837672,5.0,5.0
2021-2022,PHX,9,0.1667568158497743,0.3238291172100708,0.6098937361749942,0.1976521680036674,0.1111111110864197,0.3090808479783235,0.1988093193657336,0.3755795981452859,0.5348331329784188,0.474751722185824,17469.0,118.26972299168972,108.695567867036,9.574155124653728,,,,,,,
2021-2022,PHX,5,0.0,0.49999999995,0.9999999999,0.0,0.0,0.0,0.2,0.4,0.6000000000000001,1.0,7720.0,118.29999999999998,110.20000000000002,8.099999999999966,,,,,,,
2021-2022,POR,7,0.1765537749333602,0.373721951734947,0.6642100385764814,0.0142124450711988,0.4285714284489796,0.1558512720156555,0.2064383561643835,0.3805479452054794,0.5358904109589042,-0.123934671331556,7300.0,113.138167509837,109.11157953906688,4.026587970770123,0.2662864276685708,0.7662864276685708,1.0,1.0,,2.0,5.0
2021-2022,POR,5,0.0,0.49999999995,0.9999999999,0.0,0.0,0.0,0.2,0.4,0.6000000000000001,1.0,2880.0,113.90000000000002,112.3,1.6000000000000227,0.2662864276685708,0.7662864276685708,1.0,1.0,,2.0,5.0
2021-2022,SAC,11,0.1245240170689955,0.2434163352367388,0.4386412064189879,0.2210043260328758,0.0909090908925619,0.300128650611391,0.2213992858087554,0.3773310408676101,0.5090596481946832,0.04346816093521,7561.0,108.13494623655912,119.42186379928314,-11.286917562724014,,,,,,,
2021-2022,SAS,8,0.2215713602023647,0.3865664323197294,0.6508372954725133,0.0375609631685429,0.2499999999375,0.278356151359574,0.201178931355771,0.402072637383533,0.591842555618939,-0.01724845299716,10518.0,111.80153153153152,112.76702702702704,-0.9654954954955316,0.2797874464124408,0.3850039676004252,0.7281140672645516,0.9464568579599048,0.48152557734383655,4.0,5.0
2021-2022,SAS,5,0.0,0.49999999995,0.9999999999,0.0,0.0,0.0,0.2,0.4,0.6000000000000001,1.0,3285.0,112.79999999999998,107.70000000000002,5.099999999999966,0.2797874464124408,0.3850039676004252,0.7281140672645516,0.9464568579599048,0.48152557734383655,4.0,5.0
2021-2022,TOR,8,0.2528087283567536,0.4249938127245971,0.6952717513306698,0.0030240857456788,0.499999999875,0.2928283546704598,0.2,0.3902323376007587,0.579611190137506,-0.1193795180358037,10545.0,114.09962067330488,107.21119013750592,6.88843053579896,0.2395826802747763,0.35861490364226817,0.5724100190661497,0.747039310621816,-0.3208356868403947,5.0,5.0
2021-2022,TOR,5,0.0,0.49999999995,0.9999999999,0.0,0.0,0.0,0.2,0.4,0.6000000000000001,1.0,3500.0,109.6,107.8,1.7999999999999972,0.2395826802747763,0.35861490364226817,0.5724100190661497,0.747039310621816,-0.3208356868403947,5.0,5.0
2021-2022,UTA,9,0.1560187037409683,0.3308493506411569,0.5613878351628868,0.1001973938022134,0.1111111110864197,0.2376165100990679,0.1608526067131791,0.3217052134263582,0.4729989562160083,0.2445155715214064,18203.0,118.70316321105793,108.2217171717172,10.48144603934074,0.2243972151920664,0.3162838859855516,0.5677686064599291,0.7556875179820501,-0.2838872631664031,5.0,5.0
2021-2022,UTA,5,0.0,0.49999999995,0.9999999999,0.0,0.0,0.0,0.2,0.4,0.6000000000000001,1.0,6815.0,119.7,111.5,8.200000000000003,0.2243972151920664,0.3162838859855516,0.5677686064599291,0.7556875179820501,-0.2838872631664031,5.0,5.0
2021-2022,WAS,11,0.1606052169739693,0.2512737746505721,0.4526704468075003,0.1664512228101733,0.0909090908925619,0.3112798352247486,0.1832963127498889,0.3571745890715238,0.4799644602398934,0.1892752780118171,11255.0,107.28522350993376,113.46523178807946,-6.180008278145692,0.3894001753136771,0.5479539482891108,0.759810594676478,0.9710358076617658,-0.43195936248571376,4.0,5.0
2021-2022,WAS,5,0.0,0.49999999995,0.9999999999,0.0,0.0,0.0,0.2,0.4,0.6000000000000001,1.0,3275.0,101.4,107.5,-6.099999999999994,0.3894001753136771,0.5479539482891108,0.759810594676478,0.9710358076617658,-0.43195936248571376,4.0,5.0
2022-2023,ATL,9,0.1697308609791805,0.3383326352832312,0.6347587730296187,0.2121548011271586,0.1111111110864197,0.3085207651526204,0.1883559502219998,0.3601400787943217,0.5276092802201238,0.4969645858084853,15991.0,117.2564039408867,113.72998768472908,3.5264162561576318,0.29233583881125086,0.3309068761782534,0.5405307380031952,0.7073993334032556,0.03654367843224581,6.0,6.0
2022-2023,ATL,6,0.2,0.4999999999500001,0.8953411763810543,0.0,0.0,0.1492235294117646,0.2,0.4,0.6000000000000001,-0.177757813963891,10625.0,116.81218823529412,110.91684705882352,5.895341176470595,0.29233583881125086,0.3309068761782534,0.5405307380031952,0.7073993334032556,0.03654367843224581,6.0,6.0
2022-2023,BKN,10,0.0964029189956326,0.3043879110666223,0.5381291802892841,0.3638536341918269,0.19999999996,0.1834741952886171,0.1886351375651861,0.336540190613199,0.4463226038482287,0.1582758430796533,11122.0,114.66180164573407,108.85331312256388,5.808488523170183,,,,,,,
2022-2023,BKN,5,0.0,0.49999999995,0.9999999999,0.0,0.0,0.0,0.2,0.4,0.6000000000000001,1.0,3320.0,112.3,109.2,3.0999999999999943,,,,,,,
2022-2023,BOS,8,0.2507008189567705,0.4149114513327314,0.7330377037281596,0.0047967723977441,0.499999999875,0.292257024596036,0.1955743055002786,0.39075061689087,0.5745442967444081,-0.0875407647189889,12563.0,119.22928049249713,110.77506733358985,8.45421315890728,0.12739992421390678,0.25305201602263083,0.49267506149803847,0.7136136168183432,-0.24980857645339183,5.0,5.0
2022-2023,BOS,5,0.0,0.49999999995,0.9999999999,0.0,0.0,0.0,0.2,0.4,0.6000000000000001,1.0,4545.0,124.5,112.3,12.200000000000005,0.12739992421390678,0.25305201602263083,0.49267506149803847,0.7136136168183432,-0.24980857645339183,5.0,5.0
2022-2023,CHA,7,0.1779988804736942,0.3572042306215282,0.6177234931169727,0.0,0.0,0.1791463652309491,0.2121873578899499,0.398362892223738,0.5759890859481582,0.2461470508381453,10995.0,111.52805226623111,117.27570436913024,-5.747652102899124,,,,,,,
2022-2023,CHI,9,0.2114617358713387,0.3426787716378301,0.5976519884147912,0.041796197581589,0.4714045206338969,0.30141184801611,0.1832304321848237,0.3588926508663612,0.529326827325234,0.2014872617604239,20084.0,115.20260826771656,112.2937007874016,2.9089074803149657,0.37850386363801114,0.3874898211652452,0.6726507424869654,0.9024507523432967,-0.10840261562023018,5.0,5.0
2022-2023,CHI,5,0.0,0.49999999995,0.9999999999,0.0,0.0,0.0,0.2,0.4,0.6000000000000001,1.0,6155.0,111.5,110.2,1.2999999999999972,0.37850386363801114,0.3874898211652452,0.6726507424869654,0.9024507523432967,-0.10840261562023018,5.0,5.0
2022-2023,CLE,7,0.197740731873835,0.4108012992430523,0.687508436919988,2.220446049250313e-16,0.0,0.2006525093341813,0.207271827850606,0.3886552889768324,0.566905763047242,-0.1489647358790967,12129.0,119.68074781225138,112.53667462211614,7.144073190135245,0.3146052284184234,0.41024617822947895,0.6756595805048282,0.7940445081023744,-0.2581853723654524,5.0,5.0
2022-2023,CLE,5,0.0,0.49999999995,0.9999999999,0.0,0.0,0.0,0.2,0.4,0.6000000000000001,1.0,4000.0,122.0,114.2,7.799999999999997,0.3146052284184234,0.41024617822947895,0.6756595805048282,0.7940445081023744,-0.2581853723654524,5.0,5.0
2022-2023,DAL,8,0.1680275470190659,0.3206689984548775,0.5634080682529274,0.0,0.0,0.2208625785001846,0.2135205024011821,0.3727373476172885,0.5303534047531092,-0.1282656789422515,8121.0,121.0401384083045,117.18102652825836,3.859111880046143,,,,,,,
2022-2023,DEN,7,0.2119974183784029,0.4042817622012811,0.7447906149477076,2.220446049250313e-16,0.0,0.2046035805626598,0.1973676002744682,0.3874992202607448,0.5656540452872559,-0.017856725497859,16031.0,124.89368902439024,111.21829268292682,13.675396341463426,0.2418062700489747,0.24338014827881055,0.47647061184497624,0.7041345524359462,-0.06909410917035799,6.0,6.0
2022-2023,DEN,6,0.2,0.49999999995,0.8745794391648786,0.0,0.0,0.1457632398753894,0.2,0.4,0.6000000000000001,-0.2134915749101334,10700.0,124.23392523364484,112.31780373831776,11.916121495327104,0.2418062700489747,0.24338014827881055,0.47647061184497624,0.7041345524359462,-0.06909410917035799,6.0,6.0
2022-2023,DET,9,0.2119401783092224,0.3193309853982566,0.5366629309329956,0.0406369502799996,0.1111111110864197,0.2587506357793498,0.1891385767790262,0.3645443196004994,0.5215355805243446,-0.0078267300365898,9612.0,107.9860576923077,121.57000000000002,-13.583942307692324,,,,,,,
2022-2023,GSW,8,0.1815568030426081,0.3210817341111714,0.5562761141221201,0.0358094126805868,0.2499999999375,0.2097832722832722,0.1870421245421245,0.3717185592185592,0.5170940170940171,0.0310022948063641,13104.0,119.8881862930708,108.87731919727376,11.010867095797025,0.24327404324997043,0.307956870316536,0.5680581794486903,0.7834214468559106,-0.1778451768945295,5.0,5.0
2022-2023,GSW,5,0.0,0.49999999995,0.9999999999,0.0,0.0,0.0,0.2,0.4,0.6000000000000001,1.0,3525.0,128.5,106.4,22.099999999999994,0.24327404324997043,0.307956870316536,0.5680581794486903,0.7834214468559106,-0.1778451768945295,5.0,5.0
2022-2023,HOU,9,0.1705971289116556,0.3165499642751717,0.5682616381834068,0.1357830009716235,0.3333333332592592,0.2909583924894158,0.1896512029469322,0.3558765972142282,0.5115690111661104,0.3515625606508957,17374.0,112.686609929078,118.96521985815602,-6.27860992907803,0.31435767337430887,0.35362574780641204,0.6863077475538286,0.8127252894858938,-0.23717638380506811,5.0,6.0
2022-2023,HOU,6,0.2,0.4999999999499999,0.8023688662480202,0.0,0.0,0.1337281443880427,0.2,0.4,0.6000000000000001,-0.2499630100867786,8865.0,111.18612521150592,120.57546531302876,-9.389340101522848,0.31435767337430887,0.35362574780641204,0.6863077475538286,0.8127252894858938,-0.23717638380506811,5.0,6.0
2022-2023,IND,8,0.2007738904146138,0.3613365768756159,0.6737657052617466,0.0413009074241499,0.2499999999375,0.2206698584865689,0.1788831454961444,0.3482755698669604,0.5053808999237352,0.1613480524660957,11801.0,117.6414847161572,118.83949980150854,-1.1980150853513294,0.4993120925955514,0.5272749445462582,0.845685442467943,0.9090603740824748,-0.19994135669203142,5.0,5.0
2022-2023,IND,5,0.0,0.49999999995,0.9999999999,0.0,0.0,0.0,0.2,0.4,0.6000000000000001,1.0,4175.0,119.8,115.9,3.899999999999992,0.4993120925955514,0.5272749445462582,0.845685442467943,0.9090603740824748,-0.19994135669203142,5.0,5.0
2022-2023,LAC,7,0.2115050708776475,0.409777594103174,0.719516895717308,5.551115123125784e-16,0.0,0.2269871275542352,0.2252047889098928,0.42822936357908,0.5950850661625708,0.1771520146182388,7935.0,114.60430889759373,112.193956351427,2.4103525461667346,,,,,,,
2022-2023,LAL,10,0.1266874660457463,0.2380782513024163,0.4356657355302333,0.1720760775432557,0.0,0.1607977003233919,0.1453467481135465,0.2903341717570966,0.4078332734459217,-0.0326174025360908,5566.0,115.36504934210524,112.53955592105264,2.825493421052613,,,,,,,
2022-2023,MEM,9,0.1696908089560058,0.2894346654037077,0.5100369343493036,0.0758835973975053,0.1111111110864197,0.2414781148107893,0.1829858709613674,0.3462108487303626,0.4937259164114218,0.2223555458286026,10121.0,115.71073985680192,106.04143198090692,9.669307875894988,,,,,,,
2022-2023,MIA,8,0.1817189566090015,0.3098569107455562,0.5483534435092859,0.0181687521430625,0.499999999875,0.2203458058579972,0.2064100598067781,0.3778561570311302,0.5268363747891427,-0.0695286446657225,13042.0,117.53138930163448,109.42596582466568,8.105423476968795,0.32332975092116206,0.3469086331956661,0.6265466600048848,0.8875882731388278,-0.21698136399362186,5.0,5.0
2022-2023,MIA,5,0.0,0.49999999995,0.9999999999,0.0,0.0,0.0,0.2,0.4,0.6000000000000001,1.0,3040.0,112.5,107.3,5.200000000000003,0.32332975092116206,0.3469086331956661,0.6265466600048848,0.8875882731388278,-0.21698136399362186,5.0,5.0
2022-2023,MIL,6,0.1934920264496814,0.4976990211872806,0.8188142090061011,0.0,0.0,0.1572117988870832,0.2111094696410105,0.422218939282021,0.6148618702910327,0.0285721439611364,6769.0,120.29902029391182,107.9037088873338,12.395311406578031,,,,,,,
2022-2023,MIN,7,0.2078267161643976,0.4110910492440551,0.6937642310243365,-2.220446049250313e-16,0.0,0.2195879272688996,0.2126542641370418,0.4149014551482778,0.6001105175907167,-0.074309584476672,10858.0,115.25032481593765,107.4674317886531,7.78289302728453,,,,,,,
2022-2023,NOP,8,0.2120936102993199,0.3935055230036802,0.6624383427836389,0.0234042708217982,0.2499999999375,0.2706719153544946,0.2066150129134383,0.3917353994834625,0.5704407231525452,0.0176433776726749,12003.0,116.98241419205551,113.68993443887386,3.2924797531816523,0.4324310895626386,0.3936599311727331,0.7674471254378763,0.941051156821092,0.09639189230197279,5.0,5.0
2022-2023,NOP,5,0.0,0.49999999995,0.9999999999,0.0,0.0,0.0,0.2,0.4,0.6000000000000001,1.0,3680.0,118.1,119.0,-0.9000000000000057,0.4324310895626386,0.3936599311727331,0.7674471254378763,0.941051156821092,0.09639189230197279,5.0,5.0
2022-2023,NYK,12,0.1520559952824082,0.2504994546093911,0.4394197637432783,0.2009358925948073,0.0,0.3645614675549876,0.1684767728392808,0.3176508168294241,0.4664141644610751,0.3622391844787782,21914.0,117.00208473436447,115.82425465142344,1.1778300829410426,0.3121626141702903,0.33938505456571577,0.6301466874081527,0.8387394499325906,0.18870885745167423,5.0,5.0
2022-2023,NYK,5,0.0,0.49999999995,0.9999999999,0.0,0.0,0.0,0.2,0.4,0.6000000000000001,1.0,5305.0,124.70000000000002,117.7,7.000000000000014,0.3121626141702903,0.33938505456571577,0.6301466874081527,0.8387394499325906,0.18870885745167423,5.0,5.0
2022-2023,OKC,7,0.2324700838405797,0.4809612897330892,0.7831503271024254,0.0645805532278906,0.4285714284489796,0.2623740459367086,0.2130903681666046,0.4261807363332093,0.6158423205652659,0.1602280317192748,8067.0,110.89493891797557,116.81570680628272,-5.920767888307154,0.4676186401155191,0.5255616384027803,0.7852976470343422,0.8921891191234173,0.39446790422604444,5.0,5.0
2022-2023,OKC,5,0.0,0.49999999995,0.9999999999,0.0,0.0,0.0,0.2,0.4,0.6000000000000001,1.0,3100.0,108.9,112.7,-3.799999999999997,0.4676186401155191,0.5255616384027803,0.7852976470343422,0.8921891191234173,0.39446790422604444,5.0,5.0
2022-2023,ORL,9,0.1503370852052072,0.3070898739899019,0.5721205521714229,0.1985423251711292,0.1111111110864197,0.255854415890379,0.187607702105342,0.3564846032816363,0.5072300891586125,0.2778449123458322,13347.0,111.35751960085533,112.53061297220243,-1.1730933713471217,0.1706262153246813,0.2751678523899579,0.5111451318637703,0.7279440458679795,-0.12646385403179283,5.0,5.0
2022-2023,ORL,5,0.0,0.49999999995,0.9999999999,0.0,0.0,0.0,0.2,0.4,0.6000000000000001,1.0,5920.0,114.0,113.0,1.0,0.1706262153246813,0.2751678523899579,0.5111451318637703,0.7279440458679795,-0.12646385403179283,5.0,5.0
2022-2023,PHI,8,0.1931214816589756,0.366851898800878,0.6706455029059284,0.105622717599436,0.499999999875,0.2584697668019536,0.1858705372497764,0.362041686730412,0.5349797069546673,0.5092239100244235,14537.0,120.9122795341098,112.41158069883532,8.500698835274491,0.3621120079246962,0.29934805797479574,0.5667490476603348,0.829244006563965,-0.252292015513452,6.0,6.0
2022-2023,PHI,6,0.2,0.4999999999499998,0.8360091742283254,2.220446049250313e-16,0.0,0.1393348623853209,0.2,0.4000000000000001,0.6000000000000002,-0.246164048359519,8720.0,122.09696100917432,112.71410550458717,9.38285550458717,0.3621120079246962,0.29934805797479574,0.5667490476603348,0.829244006563965,-0.252292015513452,6.0,6.0
2022-2023,PHX,8,0.2049460605506972,0.3530536527665697,0.6517522072357548,2.220446049250313e-16,0.0,0.2475428488428391,0.2018011039023917,0.3677737968432265,0.532003486007553,-0.2187938423153801,10327.0,115.783537414966,112.81260770975058,2.9709297052154118,,,,,,,
2022-2023,POR,6,0.1905807449335857,0.4837405883169912,0.8616365761818081,-2.220446049250313e-16,0.0,0.1468277744491045,0.213001797483523,0.408627920910725,0.604254044337927,-0.196699063115013,10014.0,116.04683544303798,115.91725269573372,0.129582747304255,0.2021050773842743,0.4190832308378724,0.6392288646180277,0.8458980593126486,-0.24635832674781805,4.0,5.0
2022-2023,POR,5,0.0,0.49999999995,0.9999999999,0.0,0.0,0.0,0.2,0.4,0.6000000000000001,1.0,5525.0,116.4,115.4,1.0,0.2021050773842743,0.4190832308378724,0.6392288646180277,0.8458980593126486,-0.24635832674781805,4.0,5.0
2022-2023,SAC,7,0.2184126640227361,0.4241971558084492,0.794169905365821,0.0258676924168523,0.4285714284489796,0.2149942884626946,0.2030902422894246,0.3953586244213311,0.5709733661997235,0.0578738275672392,16633.0,122.42483547925607,117.14123032904148,5.283605150214612,0.21701729604775988,0.33828911004107803,0.544482899524263,0.7490301814431786,0.1519495912131605,5.0,5.0
2022-2023,SAC,5,0.0,0.49999999995,0.9999999999,0.0,0.0,0.0,0.2,0.4,0.6000000000000001,1.0,9490.0,119.9,116.2,3.700000000000003,0.21701729604775988,0.33828911004107803,0.544482899524263,0.7490301814431786,0.1519495912131605,5.0,5.0
2022-2023,SAS,7,0.2190276824605033,0.4813819487175873,0.7638289344622589,0.0337930442477143,0.4285714284489796,0.2247278382581647,0.213452566096423,0.4064930015552099,0.5977838258164853,0.0543254033339187,5144.0,114.52915282392024,117.20996677740862,-2.680813953488382,,,,,,,
2022-2023,TOR,8,0.2516602287101424,0.4189108990234335,0.7228744997941825,-2.220446049250313e-16,0.0,0.2972440123508304,0.2017858633063506,0.3943086038554619,0.573645998497872,-0.0657886237679842,11983.0,118.3910669975186,113.83010752688172,4.560959470636888,0.268136956366094,0.3264043187975334,0.522070090831182,0.6832526479817241,-0.281419024388979,6.0,6.0
2022-2023,TOR,6,0.2,0.4999999999500001,0.8204022987685345,0.0,0.0,0.1367337164750957,0.2,0.4000000000000001,0.6000000000000002,-0.215342637212697,6960.0,118.09597701149424,113.00811781609194,5.087859195402302,0.268136956366094,0.3264043187975334,0.522070090831182,0.6832526479817241,-0.281419024388979,6.0,6.0
2022-2023,UTA,10,0.1881264874181006,0.3091814001044861,0.5405641723326253,0.1705901323264455,0.39999999992,0.2992541826244707,0.1852449103003426,0.3573876234630115,0.5113888328965934,0.0626946019240152,9922.0,119.3024245423058,115.99881246907472,3.303612073231065,0.05741510100547013,0.38656324873302256,0.6995594027751826,1.0,-0.5,3.0,5.0
2022-2023,UTA,5,0.0,0.49999999995,0.9999999999,0.0,0.0,0.0,0.2,0.4,0.6000000000000001,1.0,3145.0,112.7,113.4,-0.7000000000000028,0.05741510100547013,0.38656324873302256,0.6995594027751826,1.0,-0.5,3.0,5.0
2022-2023,WAS,7,0.1713640452970494,0.361490127596572,0.6186580123792464,-1.1102230246251563e-16,0.0,0.1567398119122256,0.2008591663764077,0.3841866945315221,0.5549750377336584,0.0498751965746517,8613.0,120.99560499186109,115.38958220293,5.606022788931071,,,,,,,
2023-2024,ATL,10,0.1445370871148162,0.2429548723751954,0.4456639083856644,0.0476521185489912,0.19999999996,0.2569142125480154,0.164265898420828,0.301056338028169,0.4362462654716176,0.2068462741756118,18744.0,118.47154514345878,117.61289813108716,0.8586470123716339,0.41833911358570725,0.4638320698173647,0.702507924516515,0.9133753099205857,-0.302916785479657,5.0,5.0
2023-2024,ATL,5,0.0,0.49999999995,0.9999999999,0.0,0.0,0.0,0.2,0.4,0.6000000000000001,1.0,3140.0,109.2,124.6,-15.400000000000006,0.41833911358570725,0.4638320698173647,0.702507924516515,0.9133753099205857,-0.302916785479657,5.0,5.0
2023-2024,BKN,7,0.153714388078416,0.3439674081794799,0.624681048669355,5.551115123125784e-16,0.0,0.1531781483228365,0.206156535249563,0.3815303942513109,0.5319479510584579,-0.0866256253731652,10298.0,113.14908148845971,113.71267074894018,-0.5635892604804553,,,,,,,
2023-2024,BKN,5,0.0,0.49999999995,0.9999999999,0.0,0.0,0.0,0.2,0.4,0.6000000000000001,1.0,3125.0,113.4,110.2,3.200000000000003,,,,,,,
2023-2024,BOS,8,0.1799924531770053,0.3593997226617572,0.6633640338059614,0.0950997284097705,0.499999999875,0.256675815305134,0.1843073942525024,0.3604778818211172,0.5311591863093316,0.4015848704590755,15485.0,123.7074074074074,111.10676883780332,12.600638569604072,0.18919192233748192,0.22250688491404189,0.4399100688859919,0.6366925401538271,0.46363299510674666,6.0,6.0
2023-2024,BOS,6,0.2,0.4999999999500001,0.866323377874233,-2.220446049250313e-16,0.0,0.1443872296601441,0.2,0.4,0.6000000000000001,-0.2366682606922616,9710.0,121.19871266735326,112.84114315139033,8.35756951596295,0.18919192233748192,0.22250688491404189,0.4399100688859919,0.6366925401538271,0.46363299510674666,6.0,6.0
2023-2024,CHA,10,0.1205459677886183,0.3040792504164604,0.5237159348125582,0.3062222581186439,0.19999999996,0.2612836970474966,0.2094993581514763,0.3793324775353017,0.4907573812580232,0.3303896627470664,7790.0,110.41857304643264,118.66817667044164,-8.249603624009026,,,,,,,
2023-2024,CHI,9,0.2248417231823131,0.3566210966700863,0.6014698089504471,0.0306905045240874,0.1111111110864197,0.3255457106969481,0.2030553009471433,0.3916284754048273,0.5725022914757104,0.0350817892367575,16365.0,111.09906710803487,115.64724646403852,-4.548179356003644,0.2874194740399739,0.38559486609827287,0.635267798061326,0.7850715518462228,0.00889577072246893,5.0,5.0
2023-2024,CHI,5,0.0,0.49999999995,0.9999999999,0.0,0.0,0.0,0.2,0.4,0.6000000000000001,1.0,4435.0,108.3,110.1,-1.7999999999999972,0.2874194740399739,0.38559486609827287,0.635267798061326,0.7850715518462228,0.00889577072246893,5.0,5.0
2023-2024,CLE,9,0.1478296065816556,0.2738702785896071,0.4727311286519632,0.0613684092087888,0.2721655268851868,0.2107588422823002,0.183974696889826,0.3366970404397921,0.4711198132389487,0.1203210980055418,13279.0,120.65938783128033,110.90399402762225,9.75539380365808,0.24939771989268014,0.307635128403905,0.6076419025691927,0.7885758044836941,0.03255048848705827,5.0,5.0
2023-2024,CLE,5,0.0,0.49999999995,0.9999999999,0.0,0.0,0.0,0.2,0.4,0.6000000000000001,1.0,3825.0,114.0,111.7,2.299999999999997,0.24939771989268014,0.307635128403905,0.6076419025691927,0.7885758044836941,0.03255048848705827,5.0,5.0
2023-2024,DAL,8,0.1726783984740698,0.3100867163651592,0.5748552708828336,0.098726886033064,0.2499999999375,0.1980552423900788,0.2058624577226606,0.382412626832018,0.5167981961668546,-0.024175459480889,4435.0,119.4064622124863,110.67009857612268,8.736363636363635,,,,,,,
2023-2024,DEN,9,0.1686841575254052,0.3605385623492671,0.6316768948410512,0.2275531546426219,0.1111111110864197,0.3007392804337112,0.1795958600295712,0.352686052242484,0.518383440118285,0.5970426956232417,20290.0,120.1411596277738,112.29670722977808,7.844452397995724,0.29926137577313555,0.30362078210842536,0.519396778239006,0.7323248557131079,-0.16151458876028135,6.0,6.0
2023-2024,DEN,6,0.2,0.49999999995,0.8694220664629702,0.0,0.0,0.1449036777583187,0.2,0.4,0.6000000000000001,-0.2373513575544839,14275.0,123.57646234676008,112.37190893169875,11.204553415061298,0.29926137577313555,0.30362078210842536,0.519396778239006,0.7323248557131079,-0.16151458876028135,6.0,6.0
2023-2024,DET,7,0.1794017757234927,0.3889768423560735,0.6988001682573611,0.0,0.0,0.2066636873727592,0.2174139728884254,0.4113660062565172,0.5683003128258604,-0.0698693700281476,5754.0,112.04460431654678,113.51342925659472,-1.4688249400479378,,,,,,,
2023-2024,GSW,8,0.1792086381414417,0.3160504498606447,0.5765760336593596,0.0120494338922757,0.499999999875,0.2053265864867508,0.2002542290016622,0.3555294807861543,0.5080668817835142,0.0615783394943758,10227.0,118.00551217271472,111.96343592099218,6.042076251722548,,,,,,,
2023-2024,HOU,8,0.2492048476515963,0.4226626109399966,0.7863964171860722,0.0201069164590863,0.499999999875,0.2972104832663075,0.1952832117783382,0.3813645968236657,0.5656737782018949,0.0310919253215677,14671.0,114.27115956392468,115.7652461182689,-1.4940865543442357,0.4076713008133789,0.47345548292887396,0.7359932504025405,0.8507592409550114,-0.25217959780689886,5.0,5.0
2023-2024,HOU,5,0.0,0.49999999995,0.9999999999,0.0,0.0,0.0,0.2,0.4,0.6000000000000001,1.0,7740.0,113.3,112.6,0.7000000000000028,0.4076713008133789,0.47345548292887396,0.7359932504025405,0.8507592409550114,-0.25217959780689886,5.0,5.0
2023-2024,IND,9,0.158271711168823,0.3182846245990197,0.5277124694140973,0.1885755670245834,0.1111111110864197,0.2044974240609265,0.1904636690332194,0.3716364273818915,0.4819002541852924,0.1283724852851314,11409.0,123.08049484536086,115.63562886597938,7.4448659793814755,0.4796253220031389,0.5230789087227953,0.8126168703244709,0.892796247201507,-0.19662550602896997,5.0,5.0
2023-2024,IND,5,0.0,0.49999999995,0.9999999999,0.0,0.0,0.0,0.2,0.4,0.6000000000000001,1.0,4610.0,115.6,108.1,7.5,0.4796253220031389,0.5230789087227953,0.8126168703244709,0.892796247201507,-0.19662550602896997,5.0,5.0
2023-2024,LAC,9,0.1478791508514763,0.3108354665788898,0.5897187371755732,0.2281664899618731,0.1111111110864197,0.2875140103115893,0.176462676529926,0.3495628782784129,0.5180228648285139,0.5083955556096746,14870.0,119.65104780615589,113.02554027504912,6.625507531106763,0.28243376709093654,0.30740062476435215,0.6148012495287043,0.8551215170147111,-0.24863705414160675,5.0,5.0
2023-2024,LAC,5,0.0,0.49999999995,0.9999999999,0.0,0.0,0.0,0.2,0.4,0.6000000000000001,1.0,5760.0,121.2,109.7,11.499999999999986,0.28243376709093654,0.30740062476435215,0.6148012495287043,0.8551215170147111,-0.24863705414160675,5.0,5.0
2023-2024,LAL,8,0.2133339601075773,0.3589528056363132,0.6321352960392422,0.0070952253182506,0.499999999875,0.2538462805561046,0.196547407260987,0.3679910390722804,0.536996771430454,0.0744263536870592,15177.0,118.55791006146876,115.46311873180196,3.094791329666805,0.2882659510641975,0.35722208881820317,0.6618650774278644,0.7917334747674389,-0.24298650944770772,5.0,5.0
2023-2024,LAL,5,0.0,0.49999999995,0.9999999999,0.0,0.0,0.0,0.2,0.4,0.6000000000000001,1.0,4115.0,117.7,111.09999999999998,6.600000000000023,0.2882659510641975,0.35722208881820317,0.6618650774278644,0.7917334747674389,-0.24298650944770772,5.0,5.0
2023-2024,MIA,9,0.1472990229972239,0.2582571102884764,0.4527242121578333,0.0833279919928338,0.1111111110864197,0.2116985620067032,0.1840739539409666,0.3619850794680506,0.4923775543301978,0.099330511120496,6166.0,115.58829553767372,114.91448427212876,0.6738112655449697,,,,,,,
2023-2024,MIL,8,0.2262024739813239,0.4035141543811085,0.6758342924002497,0.0813862244842122,0.499999999875,0.2652830316130774,0.1969737908673331,0.3867873547689813,0.5632937044042151,0.0735365409713177,14804.0,122.36209517514872,110.14553866490417,12.216556510244558,0.3934806547023175,0.30499806710169663,0.6099961342033933,0.8059389082244061,-0.07782369116096884,6.0,6.0
2023-2024,MIL,6,0.1999999999999999,0.4999999999500001,0.8690376568168621,-2.220446049250313e-16,0.0,0.1448396094839609,0.2,0.4,0.6000000000000001,-0.1862596355493043,9560.0,122.21956066945606,107.47437238493724,14.745188284518818,0.3934806547023175,0.30499806710169663,0.6099961342033933,0.8059389082244061,-0.07782369116096884,6.0,6.0
2023-2024,MIN,8,0.1789231234401969,0.3348225414749241,0.6142031439736043,0.1038685796356159,0.2499999999375,0.2274377759293619,0.1938063855652952,0.3759037686352293,0.524025849382558,0.1852034661523856,15629.0,116.51073015873015,109.19003174603176,7.320698412698391,0.3254831043920527,0.3450817800052143,0.6482167654935995,0.8532458425893805,0.0716917310218524,5.0,5.0
2023-2024,MIN,5,0.0,0.49999999995,0.9999999999,0.0,0.0,0.0,0.2,0.4,0.6000000000000001,1.0,6375.0,120.7,111.2,9.5,0.3254831043920527,0.3450817800052143,0.6482167654935995,0.8532458425893805,0.0716917310218524,5.0,5.0
2023-2024,NOP,7,0.1860048909462963,0.3770544580474719,0.6999534800665284,0.0283825920773322,0.4285714284489796,0.1713044018128763,0.1948717948717949,0.3739243807040417,0.552368535419383,0.0018018473036758,11505.0,118.49958350687214,111.09575177009576,7.403831736776368,0.2018285077399014,0.27311101092476264,0.5325123445101443,0.7906027593645463,-0.22052223939922663,5.0,5.0
2023-2024,NOP,5,0.0,0.49999999995,0.9999999999,0.0,0.0,0.0,0.2,0.4,0.6000000000000001,1.0,4525.0,115.7,116.9,-1.2000000000000028,0.2018285077399014,0.27311101092476264,0.5325123445101443,0.7906027593645463,-0.22052223939922663,5.0,5.0
2023-2024,NYK,12,0.164593156034785,0.2499844841977341,0.439284018277478,0.1752818737458189,0.1666666666388888,0.3427748958578951,0.1883989625088422,0.3325277057297807,0.4658099504833766,0.141192562903555,16964.0,122.35816860465115,112.46546511627908,9.892703488372092,,,,,,,
2023-2024,OKC,8,0.2356449839541901,0.4097596781251534,0.7944154475326461,0.0752034280623864,0.2499999999375,0.3006688245846658,0.1967865221121597,0.383823414710241,0.5654005147804385,0.3305387771838308,12821.0,121.54191343963556,110.05155656795748,11.490356871678074,0.3780656965231296,0.4756208969731588,0.693264384637218,0.8412207996917447,0.13717976106846655,5.0,5.0
2023-2024,OKC,5,0.0,0.49999999995,0.9999999999,0.0,0.0,0.0,0.2,0.4,0.6000000000000001,1.0,8540.0,120.0,111.0,9.0,0.3780656965231296,0.4756208969731588,0.693264384637218,0.8412207996917447,0.13717976106846655,5.0,5.0
2023-2024,ORL,12,0.0958656117747409,0.2431557515923881,0.4540117132938802,0.299616812863169,0.1666666666388888,0.2326838404416113,0.1574554774265624,0.3007820201090885,0.4370112374318197,0.2936577032256265,15217.0,114.74556231976928,106.01275232297338,8.732809996795908,0.25014746185104364,0.21847971767397958,0.4361223483070627,0.6304618150608534,0.21631266986763384,7.0,7.0
2023-2024,ORL,7,0.2,0.4545454545041322,0.6868514789525814,0.0812395909907716,0.4285714284489796,0.1739596008761254,0.2,0.4000000000000001,0.6000000000000002,-0.0915974050285526,5870.0,115.76218057921636,103.3756388415673,12.386541737649054,0.25014746185104364,0.21847971767397958,0.4361223483070627,0.6304618150608534,0.21631266986763384,7.0,7.0
2023-2024,PHI,6,0.1537289141360404,0.4474038551554863,0.7768215441447919,0.0,0.0,0.1553886407723192,0.2266883204763837,0.4533766409527675,0.6195696305318715,0.0281911371017505,7389.0,123.76871641791044,111.59946268656716,12.16925373134329,,,,,,,
2023-2024,PHX,7,0.2378582981934915,0.4636447823785353,0.7834762060859192,0.0103331360338172,0.4285714284489796,0.255925043452237,0.21061961163484,0.4212392232696801,0.6080895979373137,0.0625655122243591,12411.0,121.03106350420812,113.96120887528696,7.069854628921164,,,,,,,
2023-2024,PHX,5,0.0,0.49999999995,0.9999999999,0.0,0.0,0.0,0.2,0.4,0.6000000000000001,1.0,5220.0,124.7,114.3,10.400000000000006,,,,,,,
2023-2024,POR,9,0.1480654456263531,0.2654081629226898,0.4867114170538609,0.103678575618362,0.1111111110864197,0.2386959997219616,0.2037847982483578,0.3816077572724429,0.5129809196121364,0.0651137958681642,6394.0,107.0112266112266,116.11302841302842,-9.101801801801813,,,,,,,
2023-2024,SAC,9,0.2479472289524361,0.4041325667317871,0.6890487105766775,0.061231239846745,0.5555555554320988,0.3539439020610568,0.2014504881450488,0.3956485355648536,0.579860529986053,0.014712957192818,17925.0,117.79160897258376,114.28404873996126,3.507560232622509,0.2428587052909547,0.31262433327349687,0.606068719516007,0.7690933785396237,0.19104949368848012,5.0,5.0
2023-2024,SAC,5,0.0,0.49999999995,0.9999999999,0.0,0.0,0.0,0.2,0.4,0.6000000000000001,1.0,7110.0,120.7,114.5,6.200000000000003,0.2428587052909547,0.31262433327349687,0.606068719516007,0.7690933785396237,0.19104949368848012,5.0,5.0
2023-2024,SAS,8,0.1952572335017603,0.3220905248194655,0.5699967799762673,0.0683323734265267,0.2499999999375,0.209112342819325,0.193745863666446,0.372600926538716,0.5316843150231635,0.0312123044389689,12088.0,109.99476628046342,111.61725928885338,-1.6224930083899525,0.25261297890217715,0.3353618280080522,0.6082647121019028,0.7706385737417767,0.030080284506740558,5.0,5.0
2023-2024,SAS,5,0.0,0.49999999995,0.9999999999,0.0,0.0,0.0,0.2,0.4,0.6000000000000001,1.0,4350.0,113.9,110.9,3.0,0.25261297890217715,0.3353618280080522,0.6082647121019028,0.7706385737417767,0.030080284506740558,5.0,5.0
2023-2024,TOR,10,0.1254021625660383,0.2896569659649855,0.5252156180131442,0.2692958786801502,0.0,0.2354977088817392,0.1590133567319879,0.3149068928536609,0.4472067856098274,0.470527077513996,10257.0,115.31234162365088,116.61440638198027,-1.302064758329422,0.20886716483669887,0.7088671648366989,1.0,1.0,,2.0,5.0
2023-2024,TOR,5,0.0,0.49999999995,0.9999999999,0.0,0.0,0.0,0.2,0.4,0.6000000000000001,1.0,3850.0,112.1,115.0,-2.9000000000000057,0.20886716483669887,0.7088671648366989,1.0,1.0,,2.0,5.0
2023-2024,UTA,11,0.133089551985812,0.2379761702835988,0.4279762014518322,0.2183957012342392,0.0909090908925619,0.2571525943597172,0.1604498594189315,0.3099343955014058,0.4311152764761012,0.0488528494042598,10670.0,116.02050599201064,120.37958277851752,-4.359076786506876,,,,,,,
2023-2024,WAS,7,0.1999469871009938,0.3972329150330179,0.7509049656834107,0.0325811346801582,0.4285714284489796,0.2107139943831353,0.2044212415368301,0.3995431927563423,0.5669304184680644,0.3871277358109672,12259.0,112.15885873902636,118.99756584197924,-6.838707102952895,0.25633798941519115,0.3746293240793793,0.723508078072582,0.9145385766784209,-0.3458879236029422,4.0,5.0
2023-2024,WAS,5,0.0,0.49999999995,0.9999999999,0.0,0.0,0.0,0.2,0.4,0.6000000000000001,1.0,6230.0,114.9,116.9,-2.0,0.25633798941519115,0.3746293240793793,0.723508078072582,0.9145385766784209,-0.3458879236029422,4.0,5.0
2024-2025,ATL,10,0.1913045059887644,0.2936329052709189,0.5097220701784085,0.1255125873647088,0.3741657385651443,0.3119115144639819,0.1979580260918888,0.3861113361964184,0.5155984117980715,0.069108312763902,12341.0,117.32434951456314,114.10388349514564,3.2204660194175005,0.45698898006261796,0.41246565105836525,0.625880691402742,0.760072157435115,-0.20451842384582639,7.0,7.0
2024-2025,ATL,7,0.2,0.4545454545041322,0.6951417316120968,0.0856519752991933,0.4285714284489796,0.1781284136424322,0.2,0.4,0.6000000000000001,-0.0211057150519536,5885.0,113.58275276125744,110.04086661002547,3.541886151231964,0.45698898006261796,0.41246565105836525,0.625880691402742,0.760072157435115,-0.20451842384582639,7.0,7.0
2024-2025,BKN,9,0.1196484930006019,0.3423776423886905,0.5794917965107576,0.2694168582906092,0.1111111110864197,0.1504629629629631,0.1729166666666666,0.3402777777777778,0.4599537037037037,-0.0615204747558024,4320.0,106.166341991342,112.77391774891775,-6.607575757575759,,,,,,,
2024-2025,BOS,9,0.1603616904652108,0.3419512810258973,0.6029253561589032,0.2414525526980397,0.3333333332592592,0.3059827485649384,0.1876784234275715,0.3689105810848144,0.5394603554655124,0.5159365703222508,10859.0,119.09803921568626,108.08914728682169,11.008891928864571,0.23481789847075843,0.28460119654218846,0.486160347323377,0.6596772070485649,-0.22654590233041783,6.0,6.0
2024-2025,BOS,6,0.2,0.49999999995,0.8327718222750689,0.0,0.0,0.138795303726391,0.2,0.4,0.6000000000000001,-0.246828127520025,6530.0,118.75696784073506,110.7718223583461,7.985145482388958,0.23481789847075843,0.28460119654218846,0.486160347323377,0.6596772070485649,-0.22654590233041783,6.0,6.0
2024-2025,CHA,5,0.1618354734430985,0.6398963253971682,0.9999999998478104,0.0,0.0,0.1433471933471933,0.2489604989604989,0.4979209979209979,0.7146569646569647,-0.1094598259410748,3848.0,113.75772442588726,117.13267223382049,-3.3749478079332107,,,,,,,
2024-2025,CHI,8,0.1866388059098642,0.3557057553604297,0.6172346930958663,0.100829395285237,0.499999999875,0.2559947140797692,0.2098990869774147,0.386641037962518,0.5580970687169631,0.0691125421182276,10405.0,112.45750915750916,118.17706043956044,-5.719551282051285,0.1754123316025895,0.3427453080009591,0.6512160852018223,0.8568632700023977,-0.07122862002325496,4.0,5.0
2024-2025,CHI,5,0.0,0.49999999995,0.9999999999,0.0,0.0,0.0,0.2,0.4,0.6000000000000001,1.0,2760.0,108.9,112.3,-3.3999999999999915,0.1754123316025895,0.3427453080009591,0.6512160852018223,0.8568632700023977,-0.07122862002325496,4.0,5.0
2024-2025,CLE,11,0.1748035987885679,0.2989469597370602,0.51545709096285,0.2000340407738591,0.2727272726776859,0.3358564447253611,0.1844158046464304,0.3688316092928608,0.5118704425979311,0.155377578823005,11794.0,120.61237027812368,112.87102532171023,7.741344956413428,0.240164772370529,0.3097233956989756,0.6083537938905782,0.7770224094387632,0.09847509095047034,5.0,5.0
2024-2025,CLE,5,0.0,0.49999999995,0.9999999999,0.0,0.0,0.0,0.2,0.4,0.6000000000000001,1.0,2615.0,118.7,107.3,11.400000000000006,0.240164772370529,0.3097233956989756,0.6083537938905782,0.7770224094387632,0.09847509095047034,5.0,5.0
2024-2025,DAL,5,0.1260041655446555,0.5685927504195111,0.9999999998651176,3.3306690738754696e-16,0.0,0.0853074433656958,0.2343042071197411,0.4686084142394822,0.6650485436893203,-0.2580139244904223,3090.0,123.6093922651934,112.23674033149172,11.37265193370166,,,,,,,
2024-2025,DEN,7,0.2116204070123487,0.4091933112309994,0.6863594744798651,-2.220446049250313e-16,0.0,0.2044376407344446,0.1994268269889726,0.3916889913401035,0.5830789358918449,-0.1248379947622781,16051.0,129.1072705240836,117.130869433505,11.976401090578593,0.38549172539475657,0.33709411124803557,0.5732241791178758,0.8083298378855713,-0.15433741988269611,6.0,6.0
2024-2025,DEN,6,0.1999999999999999,0.4999999999499999,0.8155328114777483,2.220446049250313e-16,0.0,0.1359221352598834,0.2,0.4,0.6000000000000001,-0.2492918900622132,8305.0,127.57718242022878,119.35051173991572,8.226670680313063,0.38549172539475657,0.33709411124803557,0.5732241791178758,0.8083298378855713,-0.15433741988269611,6.0,6.0
2024-2025,DET,11,0.1341872421676207,0.2832858353117066,0.5075109589686091,0.2632199232016167,0.0909090908925619,0.3047953679418023,0.1594447468698965,0.3078933043004899,0.4540010887316276,0.4776339992165396,18370.0,115.7697874630078,114.89811676082864,0.8716707021791592,0.293140110298488,0.3320575804720638,0.5440381890146091,0.7265335745972578,-0.02882057203969123,6.0,6.0
2024-2025,DET,6,0.2,0.49999999995,0.864709636161136,0.0,0.0,0.1441182727079345,0.2,0.4,0.6000000000000001,-0.1308776704975148,7835.0,117.94556477345246,114.62635609444798,3.3192086790044755,0.293140110298488,0.3320575804720638,0.5440381890146091,0.7265335745972578,-0.02882057203969123,6.0,6.0
2024-2025,GSW,7,0.1571175257686514,0.4897840936344232,0.8097743320216025,0.147123759541745,0.4285714284489796,0.1999326001041635,0.2193866609478876,0.4096075487883336,0.5612266781042248,0.1414470747553408,4663.0,116.21154185022029,102.94625550660793,13.265286343612344,,,,,,,
2024-2025,HOU,7,0.2122851692804984,0.4013708950469275,0.6797305383977942,0.0,0.0,0.1992898913951545,0.2,0.3904970760233918,0.5769005847953217,-0.0888885218814086,13680.0,115.70497076023392,109.85698099415202,5.847989766081895,0.3738069099824415,0.41993866548924275,0.6380642287391094,0.7604102884770411,-0.23180147024021017,6.0,6.0
2024-2025,HOU,6,0.2,0.4999999999500001,0.8354879593587833,0.0,0.0,0.1392479932403887,0.1999999999999999,0.3999999999999999,0.6,-0.2417054870467335,7890.0,111.01210392902406,109.75792141951838,1.2541825095056822,0.3738069099824415,0.41993866548924275,0.6380642287391094,0.7604102884770411,-0.23180147024021017,6.0,6.0
2024-2025,IND,10,0.1759795393724047,0.3170330349049903,0.5625234508388474,0.1810385435139055,0.19999999996,0.3523765028343611,0.17977948047094,0.3558836354575468,0.5185946552046345,0.456089718243887,16053.0,118.9191697191697,109.8587912087912,9.0603785103785,0.42086488712186254,0.33863918968431433,0.6772783793686287,0.8372866088909173,0.3211339229272288,6.0,6.0
2024-2025,IND,6,0.2,0.4999999999500001,0.812142857061643,7.771561172376097e-16,0.0,0.1353571428571428,0.2,0.4,0.6000000000000001,-0.1720241789201257,8400.0,118.79071428571427,106.01339285714286,12.777321428571426,0.42086488712186254,0.33863918968431433,0.6772783793686287,0.8372866088909173,0.3211339229272288,6.0,6.0
2024-2025,LAC,9,0.2313057553203836,0.3451619118639498,0.6229122555407287,0.0117031590841035,0.5555555554320988,0.3353112274578242,0.2041884816753926,0.4016630736064059,0.5479519556513706,-0.0795591456545402,16235.0,118.0163197586727,108.29450980392154,9.721809954751151,0.38909614419830635,0.3828171311790401,0.6446413222065452,0.794337689478465,-0.14454824510269557,6.0,6.0
2024-2025,LAC,6,0.2,0.4999999999500001,0.8154818324618959,0.0,0.0,0.1359136387572407,0.2,0.4,0.6000000000000001,-0.2117422520414,6330.0,116.58388625592418,106.91453396524486,9.669352290679328,0.38909614419830635,0.3828171311790401,0.6446413222065452,0.794337689478465,-0.14454824510269557,6.0,6.0
2024-2025,LAL,8,0.1950639795748207,0.3583347632483931,0.6010471047869059,0.1276683442645382,0.2499999999375,0.2512493593029216,0.2093798052280881,0.4187596104561763,0.5890568939005638,0.0247311841294716,7804.0,116.57301101591187,111.00379436964504,5.569216646266838,,,,,,,
2024-2025,MEM,6,0.2033405607624451,0.4940973268929431,0.8623263007233601,-2.220446049250313e-16,0.0,0.1782608695652174,0.2198523379819524,0.4397046759639048,0.6421657095980311,-0.1683078648936963,6095.0,120.16641791044776,111.5052985074627,8.661119402985065,0.3863274908947769,0.3568968724655378,0.687356939563258,0.9328100275958606,0.2527942050389297,5.0,5.0
2024-2025,MEM,5,0.0,0.49999999995,0.9999999999,0.0,0.0,0.0,0.2,0.4,0.6000000000000001,1.0,2495.0,127.9,100.8,27.10000000000001,0.3863274908947769,0.3568968724655378,0.687356939563258,0.9328100275958606,0.2527942050389297,5.0,5.0
2024-2025,MIA,9,0.1749947984515261,0.3022078037123183,0.5018249444314559,0.0682732371138797,0.1111111110864197,0.2793296089385475,0.2150217256362507,0.4160148975791434,0.5633767846058348,-0.0065675234076196,8055.0,109.2487297921478,115.21183602771362,-5.963106235565817,,,,,,,
2024-2025,MIL,9,0.2131004626785628,0.37487995352123,0.6111784353438067,0.1422948283982565,0.3333333332592592,0.298643324510138,0.1975784259768849,0.372041827187672,0.5456403805330607,0.0669680264394191,12719.0,119.67276190476193,111.62121904761904,8.051542857142877,0.4511809298800765,0.391696700586107,0.783393401172214,0.9680511846968989,-0.2400458745129329,5.0,5.0
2024-2025,MIL,5,0.0,0.49999999995,0.9999999999,0.0,0.0,0.0,0.2,0.4,0.6000000000000001,1.0,3265.0,110.9,113.0,-2.1000000000000085,0.4511809298800765,0.391696700586107,0.783393401172214,0.9680511846968989,-0.2400458745129329,5.0,5.0
2024-2025,MIN,8,0.1399028993426643,0.3076246010691827,0.5410384249276233,0.0841417518298917,0.2499999999375,0.163242219964909,0.1836272970726752,0.3383507249053468,0.4896574014221073,0.1033217804761722,21658.0,117.75417622762735,110.48022028453418,7.273955943093171,0.2284783901426115,0.28820455114715743,0.5655511161850532,0.7830409470937643,-0.2558453382502904,5.0,5.0
2024-2025,MIN,5,0.0,0.49999999995,0.9999999999,0.0,0.0,0.0,0.2,0.4,0.6000000000000001,1.0,7155.0,114.9,110.1,4.799999999999983,0.2284783901426115,0.28820455114715743,0.5655511161850532,0.7830409470937643,-0.2558453382502904,5.0,5.0
2024-2025,NOP,5,0.1239423477278134,0.6157185289287705,0.9999999998674316,0.0,0.0,0.1105707196029776,0.2317617866004963,0.4635235732009926,0.6952853598014889,-0.1279963194965286,4030.0,117.26531049250536,121.4017130620985,-4.136402569593145,,,,,,,
2024-2025,NYK,9,0.2308540404734501,0.3760177000616335,0.7106655382681735,0.0334298898056153,0.1111111110864197,0.3447877652933832,0.1940543071161048,0.3724250936329588,0.5431179775280899,0.0843504119367957,21360.0,120.59711962833912,113.5603948896632,7.036724738675915,0.19825985060808762,0.32319561697513094,0.5638424317293447,0.7277857661105536,-0.19814819363609948,5.0,5.0
2024-2025,NYK,5,0.0,0.49999999995,0.9999999999,0.0,0.0,0.0,0.2,0.4,0.6000000000000001,1.0,9490.0,119.9,115.8,4.1000000000000085,0.19825985060808762,0.32319561697513094,0.5638424317293447,0.7277857661105536,-0.19814819363609948,5.0,5.0
2024-2025,OKC,7,0.2390943038993636,0.4475180064410373,0.7365158316169068,-1.1102230246251563e-16,0.0,0.2353761575012568,0.2038823930071517,0.4077647860143035,0.6116471790214553,0.2129080165306386,8809.0,120.60239420935412,103.36202672605788,17.240367483296225,0.373766379452548,0.3868738253384153,0.710527783588565,0.8885374606261475,-0.1287155689286847,5.0,5.0
2024-2025,OKC,5,0.0,0.49999999995,0.9999999999,0.0,0.0,0.0,0.2,0.4,0.6000000000000001,1.0,3340.0,117.2,101.8,15.400000000000006,0.373766379452548,0.3868738253384153,0.710527783588565,0.8885374606261475,-0.1287155689286847,5.0,5.0
2024-2025,ORL,9,0.1862769232795622,0.3151654658390295,0.5602639376247008,0.1289371465557771,0.3333333332592592,0.2737262737262738,0.2072927072927073,0.385914085914086,0.5274725274725276,-0.0375448378215565,10010.0,109.80954216867468,105.2818313253012,4.527710843373484,,,,,,,
2024-2025,PHI,4,0.1134099616858238,0.8596121840588173,0.8596121840588173,0.0,0.0,0.0721821924858465,0.2840967575913535,0.5681935151827071,0.7920741121976325,-0.2468999564022912,1943.0,114.63867069486405,114.64078549848942,-0.0021148036253748,,,,,,,
2024-2025,PHX,10,0.1700722804534693,0.2580579692576645,0.4328910510909787,0.0765640017851497,0.3741657385651443,0.2911764705882353,0.1979458450046685,0.3803688141923436,0.5316293183940243,-0.0293196109994222,8568.0,121.24880356149136,119.70239287701725,1.5464106844741252,,,,,,,
2024-2025,POR,8,0.1578536945870714,0.2870191514596465,0.524039575851874,0.0002510667116811,0.499999999875,0.1867749419953596,0.2018561484918793,0.3517567119655287,0.5004143188597945,-0.0516498932364279,12068.0,108.7811986863711,113.29380131362888,-4.5126026272577775,0.2924956456584972,0.31718849118121323,0.5950886438042315,0.8366085912439474,-0.07031532264198545,5.0,5.0
2024-2025,POR,5,0.0,0.49999999995,0.9999999999,0.0,0.0,0.0,0.2,0.4,0.6000000000000001,1.0,2565.0,102.9,117.1,-14.199999999999989,0.2924956456584972,0.31718849118121323,0.5950886438042315,0.8366085912439474,-0.07031532264198545,5.0,5.0
2024-2025,SAC,9,0.2232991767213332,0.3400158022294438,0.5654257430914783,0.0457571163562077,0.3333333332592592,0.3133703725672407,0.1968681416454119,0.3818731834628388,0.5600569428791744,0.0273963207059546,16859.0,120.02734967892586,116.01345592527728,4.013893753648574,0.2803816867387201,0.44942691576517824,0.7090958004295034,0.9022406572827584,-0.23623686567661306,4.0,5.0
2024-2025,SAC,5,0.0,0.49999999995,0.9999999999,0.0,0.0,0.0,0.2,0.4,0.6000000000000001,1.0,4545.0,117.7,116.5,1.2000000000000028,0.2803816867387201,0.44942691576517824,0.7090958004295034,0.9022406572827584,-0.23623686567661306,4.0,5.0
2024-2025,SAS,10,0.1647443285700502,0.2662597646748161,0.4590789751607466,0.080729587129343,0.3741657385651443,0.2660262725779967,0.1668308702791461,0.3336617405582922,0.4670771756978652,0.1598933144751187,12180.0,116.04910251296369,116.2668129238133,-0.2177104108496337,,,,,,,
2024-2025,TOR,6,0.1193382758405189,0.398815773447202,0.7270022673158063,1.1102230246251563e-16,0.0,0.0993800438244883,0.2116402116402116,0.4061247394580728,0.5783229116562449,-0.1443160280695374,6237.0,111.34272727272727,110.68227272727272,0.6604545454545416,,,,,,,
2024-2025,UTA,5,0.0544117647058823,0.5476804123111432,0.9999999998904636,0.0,0.0,0.0364083640836408,0.2091020910209102,0.4182041820418204,0.6273062730627306,2.4092182646611192e-15,2439.0,123.70684713375796,121.47197452229298,2.234872611464965,,,,,,,
2024-2025,WAS,9,0.1432081194064423,0.2835636674383628,0.5214004202045216,0.0778925349327618,0.1111111110864197,0.2153945359544062,0.1644618929760178,0.3184262183152684,0.4685499701288726,0.0549818100080144,11717.0,106.18742926434922,120.38156831042843,-14.19413904607923,0.3102239236598079,0.8102239236598078,1.0,1.0,,2.0,5.0
2024-2025,WAS,5,0.0,0.49999999995,0.9999999999,0.0,0.0,0.0,0.2,0.4,0.6000000000000001,1.0,2320.0,87.3,120.8,-33.5,0.3102239236598079,0.8102239236598078,1.0,1.0,,2.0,5.0
